RL,diac_count,num_sentences,pct,num_sentences_no_tanween,pct_no_tanween
1.0,0,13970.0,79.3,14600.0,82.88
1.0,1,1348.0,7.65,1352.0,7.67
1.0,2,979.0,5.56,830.0,4.71
1.0,3,858.0,4.87,543.0,3.08
1.0,4,356.0,2.02,211.0,1.2
1.0,5,88.0,0.5,69.0,0.39
1.0,6,9.0,0.05,6.0,0.03
1.0,7,3.0,0.02,1.0,0.01
1.0,8,4.0,0.02,3.0,0.02
1.0,9,1.0,0.01,1.0,0.01
2.0,0,1913.0,60.18,2059.0,64.77
2.0,1,273.0,8.59,268.0,8.43
2.0,2,252.0,7.93,235.0,7.39
2.0,3,301.0,9.47,252.0,7.93
2.0,4,148.0,4.66,148.0,4.66
2.0,5,123.0,3.87,103.0,3.24
2.0,6,95.0,2.99,83.0,2.61
2.0,7,41.0,1.29,20.0,0.63
2.0,8,17.0,0.53,6.0,0.19
2.0,9,11.0,0.35,2.0,0.06
2.0,10,2.0,0.06,1.0,0.03
2.0,11,1.0,0.03,0.0,0.0
2.0,13,0.0,0.0,1.0,0.03
2.0,14,1.0,0.03,0.0,0.0
2.0,15,1.0,0.03,1.0,0.03
3.0,0,6442.0,48.01,6525.0,48.63
3.0,1,1277.0,9.52,1329.0,9.91
3.0,2,1000.0,7.45,1032.0,7.69
3.0,3,1172.0,8.74,1162.0,8.66
3.0,4,1166.0,8.69,1119.0,8.34
3.0,5,524.0,3.91,521.0,3.88
3.0,6,563.0,4.2,554.0,4.13
3.0,7,383.0,2.85,372.0,2.77
3.0,8,246.0,1.83,240.0,1.79
3.0,9,224.0,1.67,225.0,1.68
3.0,10,158.0,1.18,128.0,0.95
3.0,11,87.0,0.65,74.0,0.55
3.0,12,61.0,0.45,44.0,0.33
3.0,13,35.0,0.26,31.0,0.23
3.0,14,25.0,0.19,19.0,0.14
3.0,15,14.0,0.1,10.0,0.07
3.0,16,12.0,0.09,12.0,0.09
3.0,17,10.0,0.07,8.0,0.06
3.0,18,7.0,0.05,3.0,0.02
3.0,19,2.0,0.01,0.0,0.0
3.0,20,3.0,0.02,4.0,0.03
3.0,21,2.0,0.01,3.0,0.02
3.0,22,1.0,0.01,1.0,0.01
3.0,23,1.0,0.01,1.0,0.01
3.0,24,1.0,0.01,0.0,0.0
3.0,25,1.0,0.01,0.0,0.0
4.0,0,4519.0,73.95,4560.0,74.62
4.0,1,320.0,5.24,319.0,5.22
4.0,2,154.0,2.52,145.0,2.37
4.0,3,151.0,2.47,146.0,2.39
4.0,4,195.0,3.19,187.0,3.06
4.0,5,138.0,2.26,141.0,2.31
4.0,6,131.0,2.14,137.0,2.24
4.0,7,91.0,1.49,85.0,1.39
4.0,8,121.0,1.98,122.0,2.0
4.0,9,67.0,1.1,59.0,0.97
4.0,10,63.0,1.03,62.0,1.01
4.0,11,39.0,0.64,50.0,0.82
4.0,12,47.0,0.77,41.0,0.67
4.0,13,19.0,0.31,13.0,0.21
4.0,14,19.0,0.31,13.0,0.21
4.0,15,10.0,0.16,8.0,0.13
4.0,16,11.0,0.18,10.0,0.16
4.0,17,5.0,0.08,6.0,0.1
4.0,18,5.0,0.08,2.0,0.03
4.0,19,1.0,0.02,0.0,0.0
4.0,21,2.0,0.03,2.0,0.03
4.0,22,0.0,0.0,1.0,0.02
4.0,24,1.0,0.02,0.0,0.0
4.0,26,1.0,0.02,1.0,0.02
4.0,28,0.0,0.0,1.0,0.02
4.0,30,1.0,0.02,0.0,0.0
5.0,0,8930.0,38.09,9562.0,40.79
5.0,1,1711.0,7.3,1335.0,5.69
5.0,2,1584.0,6.76,1510.0,6.44
5.0,3,1410.0,6.01,1423.0,6.07
5.0,4,1480.0,6.31,1452.0,6.19
5.0,5,1179.0,5.03,1216.0,5.19
5.0,6,1214.0,5.18,1198.0,5.11
5.0,7,1036.0,4.42,947.0,4.04
5.0,8,887.0,3.78,877.0,3.74
5.0,9,663.0,2.83,673.0,2.87
5.0,10,523.0,2.23,512.0,2.18
5.0,11,500.0,2.13,506.0,2.16
5.0,12,336.0,1.43,391.0,1.67
5.0,13,389.0,1.66,325.0,1.39
5.0,14,229.0,0.98,250.0,1.07
5.0,15,198.0,0.84,204.0,0.87
5.0,16,187.0,0.8,177.0,0.76
5.0,17,177.0,0.76,158.0,0.67
5.0,18,160.0,0.68,126.0,0.54
5.0,19,93.0,0.4,85.0,0.36
5.0,20,93.0,0.4,104.0,0.44
5.0,21,102.0,0.44,86.0,0.37
5.0,22,65.0,0.28,59.0,0.25
5.0,23,48.0,0.2,40.0,0.17
5.0,24,48.0,0.2,58.0,0.25
5.0,25,42.0,0.18,31.0,0.13
5.0,26,31.0,0.13,24.0,0.1
5.0,27,29.0,0.12,27.0,0.12
5.0,28,20.0,0.09,17.0,0.07
5.0,29,15.0,0.06,15.0,0.06
5.0,30,21.0,0.09,19.0,0.08
5.0,31,22.0,0.09,19.0,0.08
5.0,32,4.0,0.02,5.0,0.02
5.0,33,6.0,0.03,1.0,0.0
5.0,34,4.0,0.02,5.0,0.02
5.0,35,2.0,0.01,3.0,0.01
5.0,37,4.0,0.02,2.0,0.01
5.0,44,0.0,0.0,1.0,0.0
5.0,46,1.0,0.0,0.0,0.0
6.0,0,3729.0,42.78,4016.0,46.08
6.0,1,834.0,9.57,648.0,7.43
6.0,2,517.0,5.93,501.0,5.75
6.0,3,569.0,6.53,529.0,6.07
6.0,4,334.0,3.83,344.0,3.95
6.0,5,275.0,3.16,292.0,3.35
6.0,6,373.0,4.28,372.0,4.27
6.0,7,256.0,2.94,231.0,2.65
6.0,8,168.0,1.93,184.0,2.11
6.0,9,165.0,1.89,174.0,2.0
6.0,10,201.0,2.31,195.0,2.24
6.0,11,143.0,1.64,140.0,1.61
6.0,12,138.0,1.58,136.0,1.56
6.0,13,119.0,1.37,108.0,1.24
6.0,14,107.0,1.23,110.0,1.26
6.0,15,104.0,1.19,97.0,1.11
6.0,16,93.0,1.07,92.0,1.06
6.0,17,82.0,0.94,85.0,0.98
6.0,18,69.0,0.79,71.0,0.81
6.0,19,85.0,0.98,79.0,0.91
6.0,20,63.0,0.72,58.0,0.67
6.0,21,61.0,0.7,46.0,0.53
6.0,22,47.0,0.54,49.0,0.56
6.0,23,35.0,0.4,24.0,0.28
6.0,24,32.0,0.37,30.0,0.34
6.0,25,24.0,0.28,21.0,0.24
6.0,26,17.0,0.2,23.0,0.26
6.0,27,24.0,0.28,18.0,0.21
6.0,28,12.0,0.14,9.0,0.1
6.0,29,10.0,0.11,10.0,0.11
6.0,30,6.0,0.07,4.0,0.05
6.0,31,6.0,0.07,4.0,0.05
6.0,32,1.0,0.01,2.0,0.02
6.0,33,4.0,0.05,2.0,0.02
6.0,34,2.0,0.02,3.0,0.03
6.0,35,1.0,0.01,0.0,0.0
6.0,36,3.0,0.03,2.0,0.02
6.0,37,1.0,0.01,2.0,0.02
6.0,38,2.0,0.02,1.0,0.01
6.0,39,1.0,0.01,1.0,0.01
6.0,41,2.0,0.02,2.0,0.02
6.0,42,1.0,0.01,1.0,0.01
7.0,0,14026.0,42.72,15358.0,46.77
7.0,1,2312.0,7.04,1468.0,4.47
7.0,2,1677.0,5.11,1589.0,4.84
7.0,3,1390.0,4.23,1292.0,3.93
7.0,4,1001.0,3.05,1006.0,3.06
7.0,5,1008.0,3.07,1006.0,3.06
7.0,6,1266.0,3.86,1323.0,4.03
7.0,7,1019.0,3.1,953.0,2.9
7.0,8,965.0,2.94,948.0,2.89
7.0,9,1058.0,3.22,1064.0,3.24
7.0,10,631.0,1.92,606.0,1.85
7.0,11,625.0,1.9,618.0,1.88
7.0,12,530.0,1.61,522.0,1.59
7.0,13,507.0,1.54,480.0,1.46
7.0,14,429.0,1.31,405.0,1.23
7.0,15,404.0,1.23,405.0,1.23
7.0,16,417.0,1.27,401.0,1.22
7.0,17,331.0,1.01,314.0,0.96
7.0,18,319.0,0.97,330.0,1.0
7.0,19,292.0,0.89,337.0,1.03
7.0,20,290.0,0.88,276.0,0.84
7.0,21,293.0,0.89,277.0,0.84
7.0,22,240.0,0.73,225.0,0.69
7.0,23,224.0,0.68,219.0,0.67
7.0,24,218.0,0.66,175.0,0.53
7.0,25,198.0,0.6,177.0,0.54
7.0,26,158.0,0.48,154.0,0.47
7.0,27,133.0,0.41,146.0,0.44
7.0,28,129.0,0.39,141.0,0.43
7.0,29,146.0,0.44,110.0,0.33
7.0,30,102.0,0.31,88.0,0.27
7.0,31,99.0,0.3,80.0,0.24
7.0,32,70.0,0.21,85.0,0.26
7.0,33,72.0,0.22,62.0,0.19
7.0,34,64.0,0.19,48.0,0.15
7.0,35,37.0,0.11,39.0,0.12
7.0,36,38.0,0.12,31.0,0.09
7.0,37,34.0,0.1,23.0,0.07
7.0,38,31.0,0.09,21.0,0.06
7.0,39,17.0,0.05,11.0,0.03
7.0,40,10.0,0.03,6.0,0.02
7.0,41,5.0,0.02,3.0,0.01
7.0,42,4.0,0.01,4.0,0.01
7.0,43,1.0,0.0,1.0,0.0
7.0,44,7.0,0.02,6.0,0.02
7.0,45,8.0,0.02,3.0,0.01
7.0,46,1.0,0.0,0.0,0.0
8.0,0,18761.0,52.33,21934.0,61.19
8.0,1,3720.0,10.38,1517.0,4.23
8.0,2,1776.0,4.95,1373.0,3.83
8.0,3,1103.0,3.08,909.0,2.54
8.0,4,899.0,2.51,865.0,2.41
8.0,5,663.0,1.85,720.0,2.01
8.0,6,567.0,1.58,583.0,1.63
8.0,7,749.0,2.09,652.0,1.82
8.0,8,532.0,1.48,495.0,1.38
8.0,9,493.0,1.38,476.0,1.33
8.0,10,495.0,1.38,521.0,1.45
8.0,11,414.0,1.15,426.0,1.19
8.0,12,424.0,1.18,411.0,1.15
8.0,13,446.0,1.24,424.0,1.18
8.0,14,396.0,1.1,367.0,1.02
8.0,15,513.0,1.43,523.0,1.46
8.0,16,372.0,1.04,333.0,0.93
8.0,17,293.0,0.82,266.0,0.74
8.0,18,221.0,0.62,238.0,0.66
8.0,19,219.0,0.61,209.0,0.58
8.0,20,215.0,0.6,218.0,0.61
8.0,21,201.0,0.56,163.0,0.45
8.0,22,163.0,0.45,159.0,0.44
8.0,23,156.0,0.44,157.0,0.44
8.0,24,181.0,0.5,172.0,0.48
8.0,25,152.0,0.42,145.0,0.4
8.0,26,133.0,0.37,143.0,0.4
8.0,27,155.0,0.43,135.0,0.38
8.0,28,118.0,0.33,131.0,0.37
8.0,29,133.0,0.37,130.0,0.36
8.0,30,115.0,0.32,112.0,0.31
8.0,31,131.0,0.37,114.0,0.32
8.0,32,82.0,0.23,99.0,0.28
8.0,33,115.0,0.32,96.0,0.27
8.0,34,104.0,0.29,106.0,0.3
8.0,35,91.0,0.25,101.0,0.28
8.0,36,94.0,0.26,74.0,0.21
8.0,37,72.0,0.2,57.0,0.16
8.0,38,74.0,0.21,49.0,0.14
8.0,39,55.0,0.15,54.0,0.15
8.0,40,41.0,0.11,32.0,0.09
8.0,41,42.0,0.12,43.0,0.12
8.0,42,34.0,0.09,28.0,0.08
8.0,43,32.0,0.09,22.0,0.06
8.0,44,34.0,0.09,22.0,0.06
8.0,45,21.0,0.06,14.0,0.04
8.0,46,8.0,0.02,7.0,0.02
8.0,47,10.0,0.03,4.0,0.01
8.0,48,8.0,0.02,8.0,0.02
8.0,49,6.0,0.02,5.0,0.01
8.0,50,7.0,0.02,3.0,0.01
8.0,51,4.0,0.01,0.0,0.0
8.0,52,1.0,0.0,0.0,0.0
8.0,53,3.0,0.01,2.0,0.01
8.0,55,1.0,0.0,1.0,0.0
9.0,0,5261.0,53.43,6179.0,62.75
9.0,1,1015.0,10.31,379.0,3.85
9.0,2,453.0,4.6,327.0,3.32
9.0,3,278.0,2.82,252.0,2.56
9.0,4,261.0,2.65,228.0,2.32
9.0,5,169.0,1.72,141.0,1.43
9.0,6,292.0,2.97,289.0,2.93
9.0,7,151.0,1.53,155.0,1.57
9.0,8,166.0,1.69,166.0,1.69
9.0,9,122.0,1.24,132.0,1.34
9.0,10,158.0,1.6,145.0,1.47
9.0,11,118.0,1.2,112.0,1.14
9.0,12,108.0,1.1,102.0,1.04
9.0,13,103.0,1.05,107.0,1.09
9.0,14,110.0,1.12,113.0,1.15
9.0,15,90.0,0.91,81.0,0.82
9.0,16,69.0,0.7,69.0,0.7
9.0,17,65.0,0.66,65.0,0.66
9.0,18,69.0,0.7,44.0,0.45
9.0,19,47.0,0.48,61.0,0.62
9.0,20,63.0,0.64,68.0,0.69
9.0,21,62.0,0.63,58.0,0.59
9.0,22,51.0,0.52,50.0,0.51
9.0,23,44.0,0.45,55.0,0.56
9.0,24,54.0,0.55,37.0,0.38
9.0,25,33.0,0.34,30.0,0.3
9.0,26,44.0,0.45,40.0,0.41
9.0,27,30.0,0.3,30.0,0.3
9.0,28,33.0,0.34,34.0,0.35
9.0,29,22.0,0.22,26.0,0.26
9.0,30,32.0,0.32,27.0,0.27
9.0,31,27.0,0.27,26.0,0.26
9.0,32,28.0,0.28,29.0,0.29
9.0,33,30.0,0.3,26.0,0.26
9.0,34,30.0,0.3,27.0,0.27
9.0,35,19.0,0.19,18.0,0.18
9.0,36,18.0,0.18,16.0,0.16
9.0,37,13.0,0.13,19.0,0.19
9.0,38,20.0,0.2,8.0,0.08
9.0,39,11.0,0.11,17.0,0.17
9.0,40,16.0,0.16,10.0,0.1
9.0,41,10.0,0.1,7.0,0.07
9.0,42,9.0,0.09,7.0,0.07
9.0,43,4.0,0.04,4.0,0.04
9.0,44,8.0,0.08,7.0,0.07
9.0,45,5.0,0.05,4.0,0.04
9.0,46,3.0,0.03,3.0,0.03
9.0,47,3.0,0.03,1.0,0.01
9.0,48,4.0,0.04,5.0,0.05
9.0,49,4.0,0.04,2.0,0.02
9.0,50,2.0,0.02,2.0,0.02
9.0,51,1.0,0.01,1.0,0.01
9.0,52,1.0,0.01,0.0,0.0
9.0,53,2.0,0.02,2.0,0.02
9.0,54,1.0,0.01,1.0,0.01
9.0,55,1.0,0.01,1.0,0.01
9.0,56,1.0,0.01,1.0,0.01
9.0,58,3.0,0.03,1.0,0.01
10.0,0,29056.0,44.8,36244.0,55.88
10.0,1,7436.0,11.46,2992.0,4.61
10.0,2,3852.0,5.94,2679.0,4.13
10.0,3,2256.0,3.48,1807.0,2.79
10.0,4,1645.0,2.54,1488.0,2.29
10.0,5,1299.0,2.0,1166.0,1.8
10.0,6,1265.0,1.95,1138.0,1.75
10.0,7,1026.0,1.58,949.0,1.46
10.0,8,906.0,1.4,893.0,1.38
10.0,9,890.0,1.37,884.0,1.36
10.0,10,841.0,1.3,800.0,1.23
10.0,11,834.0,1.29,830.0,1.28
10.0,12,727.0,1.12,745.0,1.15
10.0,13,750.0,1.16,746.0,1.15
10.0,14,720.0,1.11,713.0,1.1
10.0,15,687.0,1.06,635.0,0.98
10.0,16,647.0,1.0,636.0,0.98
10.0,17,667.0,1.03,607.0,0.94
10.0,18,506.0,0.78,503.0,0.78
10.0,19,525.0,0.81,489.0,0.75
10.0,20,485.0,0.75,470.0,0.72
10.0,21,494.0,0.76,476.0,0.73
10.0,22,457.0,0.7,439.0,0.68
10.0,23,396.0,0.61,428.0,0.66
10.0,24,406.0,0.63,409.0,0.63
10.0,25,408.0,0.63,384.0,0.59
10.0,26,404.0,0.62,359.0,0.55
10.0,27,348.0,0.54,315.0,0.49
10.0,28,313.0,0.48,323.0,0.5
10.0,29,304.0,0.47,273.0,0.42
10.0,30,277.0,0.43,270.0,0.42
10.0,31,263.0,0.41,218.0,0.34
10.0,32,238.0,0.37,263.0,0.41
10.0,33,237.0,0.37,246.0,0.38
10.0,34,231.0,0.36,228.0,0.35
10.0,35,228.0,0.35,196.0,0.3
10.0,36,186.0,0.29,192.0,0.3
10.0,37,195.0,0.3,205.0,0.32
10.0,38,181.0,0.28,193.0,0.3
10.0,39,188.0,0.29,149.0,0.23
10.0,40,138.0,0.21,154.0,0.24
10.0,41,150.0,0.23,149.0,0.23
10.0,42,141.0,0.22,137.0,0.21
10.0,43,171.0,0.26,153.0,0.24
10.0,44,140.0,0.22,142.0,0.22
10.0,45,129.0,0.2,136.0,0.21
10.0,46,122.0,0.19,111.0,0.17
10.0,47,140.0,0.22,146.0,0.23
10.0,48,121.0,0.19,103.0,0.16
10.0,49,114.0,0.18,96.0,0.15
10.0,50,100.0,0.15,67.0,0.1
10.0,51,81.0,0.12,73.0,0.11
10.0,52,74.0,0.11,74.0,0.11
10.0,53,75.0,0.12,70.0,0.11
10.0,54,79.0,0.12,51.0,0.08
10.0,55,65.0,0.1,39.0,0.06
10.0,56,45.0,0.07,44.0,0.07
10.0,57,36.0,0.06,22.0,0.03
10.0,58,38.0,0.06,24.0,0.04
10.0,59,26.0,0.04,16.0,0.02
10.0,60,14.0,0.02,11.0,0.02
10.0,61,21.0,0.03,11.0,0.02
10.0,62,13.0,0.02,9.0,0.01
10.0,63,7.0,0.01,3.0,0.0
10.0,64,8.0,0.01,5.0,0.01
10.0,65,2.0,0.0,1.0,0.0
10.0,66,4.0,0.01,6.0,0.01
10.0,67,1.0,0.0,1.0,0.0
10.0,68,6.0,0.01,6.0,0.01
10.0,69,4.0,0.01,2.0,0.0
10.0,70,3.0,0.0,2.0,0.0
10.0,71,1.0,0.0,1.0,0.0
10.0,72,2.0,0.0,1.0,0.0
10.0,73,2.0,0.0,3.0,0.0
10.0,76,2.0,0.0,2.0,0.0
10.0,77,1.0,0.0,1.0,0.0
10.0,78,1.0,0.0,0.0,0.0
10.0,79,1.0,0.0,1.0,0.0
10.0,82,1.0,0.0,0.0,0.0
10.0,92,0.0,0.0,5.0,0.01
10.0,100,5.0,0.01,0.0,0.0
10.0,104,0.0,0.0,2.0,0.0
10.0,111,2.0,0.0,0.0,0.0
11.0,0,7049.0,39.6,8751.0,49.16
11.0,1,1626.0,9.13,788.0,4.43
11.0,2,1318.0,7.4,975.0,5.48
11.0,3,917.0,5.15,767.0,4.31
11.0,4,701.0,3.94,682.0,3.83
11.0,5,624.0,3.51,562.0,3.16
11.0,6,540.0,3.03,492.0,2.76
11.0,7,524.0,2.94,482.0,2.71
11.0,8,423.0,2.38,389.0,2.19
11.0,9,370.0,2.08,335.0,1.88
11.0,10,264.0,1.48,225.0,1.26
11.0,11,242.0,1.36,229.0,1.29
11.0,12,194.0,1.09,195.0,1.1
11.0,13,160.0,0.9,160.0,0.9
11.0,14,120.0,0.67,126.0,0.71
11.0,15,106.0,0.6,105.0,0.59
11.0,16,115.0,0.65,127.0,0.71
11.0,17,98.0,0.55,101.0,0.57
11.0,18,92.0,0.52,99.0,0.56
11.0,19,98.0,0.55,117.0,0.66
11.0,20,108.0,0.61,101.0,0.57
11.0,21,86.0,0.48,68.0,0.38
11.0,22,80.0,0.45,70.0,0.39
11.0,23,75.0,0.42,82.0,0.46
11.0,24,90.0,0.51,65.0,0.37
11.0,25,99.0,0.56,84.0,0.47
11.0,26,67.0,0.38,59.0,0.33
11.0,27,74.0,0.42,90.0,0.51
11.0,28,56.0,0.31,48.0,0.27
11.0,29,53.0,0.3,53.0,0.3
11.0,30,51.0,0.29,55.0,0.31
11.0,31,47.0,0.26,49.0,0.28
11.0,32,48.0,0.27,42.0,0.24
11.0,33,44.0,0.25,27.0,0.15
11.0,34,37.0,0.21,32.0,0.18
11.0,35,35.0,0.2,40.0,0.22
11.0,36,24.0,0.13,21.0,0.12
11.0,37,22.0,0.12,27.0,0.15
11.0,38,22.0,0.12,18.0,0.1
11.0,39,24.0,0.13,20.0,0.11
11.0,40,22.0,0.12,17.0,0.1
11.0,41,19.0,0.11,21.0,0.12
11.0,42,31.0,0.17,37.0,0.21
11.0,43,17.0,0.1,31.0,0.17
11.0,44,23.0,0.13,28.0,0.16
11.0,45,22.0,0.12,27.0,0.15
11.0,46,24.0,0.13,34.0,0.19
11.0,47,34.0,0.19,38.0,0.21
11.0,48,37.0,0.21,29.0,0.16
11.0,49,38.0,0.21,44.0,0.25
11.0,50,27.0,0.15,36.0,0.2
11.0,51,46.0,0.26,44.0,0.25
11.0,52,37.0,0.21,45.0,0.25
11.0,53,45.0,0.25,48.0,0.27
11.0,54,44.0,0.25,42.0,0.24
11.0,55,43.0,0.24,39.0,0.22
11.0,56,50.0,0.28,47.0,0.26
11.0,57,39.0,0.22,39.0,0.22
11.0,58,37.0,0.21,42.0,0.24
11.0,59,35.0,0.2,24.0,0.13
11.0,60,42.0,0.24,36.0,0.2
11.0,61,31.0,0.17,37.0,0.21
11.0,62,41.0,0.23,32.0,0.18
11.0,63,27.0,0.15,30.0,0.17
11.0,64,26.0,0.15,22.0,0.12
11.0,65,33.0,0.19,27.0,0.15
11.0,66,23.0,0.13,22.0,0.12
11.0,67,32.0,0.18,19.0,0.11
11.0,68,19.0,0.11,12.0,0.07
11.0,69,24.0,0.13,18.0,0.1
11.0,70,27.0,0.15,11.0,0.06
11.0,71,10.0,0.06,16.0,0.09
11.0,72,14.0,0.08,11.0,0.06
11.0,73,7.0,0.04,8.0,0.04
11.0,74,6.0,0.03,13.0,0.07
11.0,75,8.0,0.04,3.0,0.02
11.0,76,12.0,0.07,1.0,0.01
11.0,77,6.0,0.03,4.0,0.02
11.0,78,9.0,0.05,2.0,0.01
11.0,79,2.0,0.01,0.0,0.0
11.0,80,1.0,0.01,0.0,0.0
11.0,81,1.0,0.01,2.0,0.01
11.0,82,3.0,0.02,1.0,0.01
11.0,83,0.0,0.0,1.0,0.01
11.0,84,1.0,0.01,1.0,0.01
11.0,85,0.0,0.0,3.0,0.02
11.0,86,2.0,0.01,0.0,0.0
11.0,87,1.0,0.01,0.0,0.0
11.0,88,1.0,0.01,0.0,0.0
12.0,0,44057.0,42.58,55830.0,53.96
12.0,1,10830.0,10.47,5010.0,4.84
12.0,2,6497.0,6.28,4356.0,4.21
12.0,3,4562.0,4.41,3559.0,3.44
12.0,4,3447.0,3.33,3028.0,2.93
12.0,5,2830.0,2.74,2662.0,2.57
12.0,6,2509.0,2.42,2433.0,2.35
12.0,7,2269.0,2.19,2029.0,1.96
12.0,8,2072.0,2.0,1837.0,1.78
12.0,9,1770.0,1.71,1559.0,1.51
12.0,10,1668.0,1.61,1507.0,1.46
12.0,11,1448.0,1.4,1296.0,1.25
12.0,12,1225.0,1.18,1190.0,1.15
12.0,13,1134.0,1.1,1062.0,1.03
12.0,14,998.0,0.96,935.0,0.9
12.0,15,965.0,0.93,890.0,0.86
12.0,16,848.0,0.82,738.0,0.71
12.0,17,739.0,0.71,747.0,0.72
12.0,18,726.0,0.7,655.0,0.63
12.0,19,638.0,0.62,617.0,0.6
12.0,20,575.0,0.56,534.0,0.52
12.0,21,583.0,0.56,515.0,0.5
12.0,22,536.0,0.52,492.0,0.48
12.0,23,460.0,0.44,472.0,0.46
12.0,24,458.0,0.44,459.0,0.44
12.0,25,436.0,0.42,446.0,0.43
12.0,26,377.0,0.36,367.0,0.35
12.0,27,385.0,0.37,336.0,0.32
12.0,28,353.0,0.34,359.0,0.35
12.0,29,348.0,0.34,327.0,0.32
12.0,30,336.0,0.32,272.0,0.26
12.0,31,294.0,0.28,307.0,0.3
12.0,32,293.0,0.28,279.0,0.27
12.0,33,257.0,0.25,257.0,0.25
12.0,34,282.0,0.27,268.0,0.26
12.0,35,250.0,0.24,242.0,0.23
12.0,36,235.0,0.23,202.0,0.2
12.0,37,205.0,0.2,185.0,0.18
12.0,38,212.0,0.2,187.0,0.18
12.0,39,184.0,0.18,190.0,0.18
12.0,40,184.0,0.18,170.0,0.16
12.0,41,195.0,0.19,183.0,0.18
12.0,42,173.0,0.17,178.0,0.17
12.0,43,185.0,0.18,168.0,0.16
12.0,44,166.0,0.16,146.0,0.14
12.0,45,118.0,0.11,129.0,0.12
12.0,46,154.0,0.15,121.0,0.12
12.0,47,120.0,0.12,121.0,0.12
12.0,48,122.0,0.12,134.0,0.13
12.0,49,132.0,0.13,103.0,0.1
12.0,50,120.0,0.12,121.0,0.12
12.0,51,118.0,0.11,114.0,0.11
12.0,52,116.0,0.11,112.0,0.11
12.0,53,104.0,0.1,99.0,0.1
12.0,54,103.0,0.1,79.0,0.08
12.0,55,93.0,0.09,76.0,0.07
12.0,56,93.0,0.09,95.0,0.09
12.0,57,88.0,0.09,95.0,0.09
12.0,58,82.0,0.08,85.0,0.08
12.0,59,80.0,0.08,93.0,0.09
12.0,60,77.0,0.07,91.0,0.09
12.0,61,97.0,0.09,69.0,0.07
12.0,62,77.0,0.07,97.0,0.09
12.0,63,59.0,0.06,65.0,0.06
12.0,64,89.0,0.09,76.0,0.07
12.0,65,67.0,0.06,78.0,0.08
12.0,66,57.0,0.06,61.0,0.06
12.0,67,72.0,0.07,56.0,0.05
12.0,68,75.0,0.07,61.0,0.06
12.0,69,65.0,0.06,62.0,0.06
12.0,70,89.0,0.09,62.0,0.06
12.0,71,52.0,0.05,62.0,0.06
12.0,72,64.0,0.06,60.0,0.06
12.0,73,68.0,0.07,65.0,0.06
12.0,74,66.0,0.06,56.0,0.05
12.0,75,67.0,0.06,67.0,0.06
12.0,76,58.0,0.06,47.0,0.05
12.0,77,50.0,0.05,55.0,0.05
12.0,78,54.0,0.05,45.0,0.04
12.0,79,45.0,0.04,44.0,0.04
12.0,80,54.0,0.05,29.0,0.03
12.0,81,37.0,0.04,42.0,0.04
12.0,82,56.0,0.05,34.0,0.03
12.0,83,39.0,0.04,44.0,0.04
12.0,84,38.0,0.04,46.0,0.04
12.0,85,50.0,0.05,37.0,0.04
12.0,86,36.0,0.03,36.0,0.03
12.0,87,38.0,0.04,29.0,0.03
12.0,88,29.0,0.03,32.0,0.03
12.0,89,31.0,0.03,37.0,0.04
12.0,90,38.0,0.04,41.0,0.04
12.0,91,33.0,0.03,31.0,0.03
12.0,92,31.0,0.03,19.0,0.02
12.0,93,29.0,0.03,31.0,0.03
12.0,94,42.0,0.04,30.0,0.03
12.0,95,33.0,0.03,20.0,0.02
12.0,96,19.0,0.02,17.0,0.02
12.0,97,26.0,0.03,23.0,0.02
12.0,98,23.0,0.02,17.0,0.02
12.0,99,14.0,0.01,21.0,0.02
12.0,100,23.0,0.02,14.0,0.01
12.0,101,15.0,0.01,14.0,0.01
12.0,102,17.0,0.02,20.0,0.02
12.0,103,14.0,0.01,10.0,0.01
12.0,104,29.0,0.03,18.0,0.02
12.0,105,12.0,0.01,13.0,0.01
12.0,106,14.0,0.01,16.0,0.02
12.0,107,16.0,0.02,9.0,0.01
12.0,108,14.0,0.01,15.0,0.01
12.0,109,13.0,0.01,16.0,0.02
12.0,110,15.0,0.01,6.0,0.01
12.0,111,13.0,0.01,8.0,0.01
12.0,112,13.0,0.01,11.0,0.01
12.0,113,12.0,0.01,11.0,0.01
12.0,114,7.0,0.01,8.0,0.01
12.0,115,10.0,0.01,11.0,0.01
12.0,116,8.0,0.01,5.0,0.0
12.0,117,10.0,0.01,14.0,0.01
12.0,118,9.0,0.01,8.0,0.01
12.0,119,8.0,0.01,6.0,0.01
12.0,120,9.0,0.01,9.0,0.01
12.0,121,9.0,0.01,9.0,0.01
12.0,122,7.0,0.01,10.0,0.01
12.0,123,9.0,0.01,7.0,0.01
12.0,124,11.0,0.01,13.0,0.01
12.0,125,9.0,0.01,10.0,0.01
12.0,126,6.0,0.01,8.0,0.01
12.0,127,8.0,0.01,5.0,0.0
12.0,128,9.0,0.01,7.0,0.01
12.0,129,13.0,0.01,7.0,0.01
12.0,130,10.0,0.01,8.0,0.01
12.0,131,4.0,0.0,11.0,0.01
12.0,132,7.0,0.01,5.0,0.0
12.0,133,8.0,0.01,5.0,0.0
12.0,134,7.0,0.01,3.0,0.0
12.0,135,5.0,0.0,5.0,0.0
12.0,136,5.0,0.0,5.0,0.0
12.0,137,5.0,0.0,6.0,0.01
12.0,138,7.0,0.01,9.0,0.01
12.0,139,3.0,0.0,3.0,0.0
12.0,140,4.0,0.0,7.0,0.01
12.0,141,3.0,0.0,8.0,0.01
12.0,142,3.0,0.0,1.0,0.0
12.0,143,11.0,0.01,1.0,0.0
12.0,144,3.0,0.0,2.0,0.0
12.0,145,3.0,0.0,1.0,0.0
12.0,146,2.0,0.0,3.0,0.0
12.0,147,7.0,0.01,3.0,0.0
12.0,148,10.0,0.01,5.0,0.0
12.0,149,2.0,0.0,2.0,0.0
12.0,150,2.0,0.0,2.0,0.0
12.0,151,0.0,0.0,1.0,0.0
12.0,152,2.0,0.0,2.0,0.0
12.0,153,4.0,0.0,2.0,0.0
12.0,154,2.0,0.0,6.0,0.01
12.0,155,0.0,0.0,2.0,0.0
12.0,156,2.0,0.0,2.0,0.0
12.0,157,6.0,0.01,7.0,0.01
12.0,158,5.0,0.0,0.0,0.0
12.0,159,6.0,0.01,5.0,0.0
12.0,160,0.0,0.0,1.0,0.0
12.0,161,2.0,0.0,4.0,0.0
12.0,162,6.0,0.01,5.0,0.0
12.0,163,2.0,0.0,2.0,0.0
12.0,164,1.0,0.0,2.0,0.0
12.0,165,1.0,0.0,2.0,0.0
12.0,166,6.0,0.01,0.0,0.0
12.0,167,2.0,0.0,3.0,0.0
12.0,168,1.0,0.0,0.0,0.0
12.0,169,2.0,0.0,1.0,0.0
12.0,170,2.0,0.0,0.0,0.0
12.0,171,2.0,0.0,3.0,0.0
12.0,172,1.0,0.0,3.0,0.0
12.0,173,0.0,0.0,2.0,0.0
12.0,174,4.0,0.0,0.0,0.0
12.0,175,0.0,0.0,1.0,0.0
12.0,176,3.0,0.0,5.0,0.0
12.0,177,0.0,0.0,1.0,0.0
12.0,178,1.0,0.0,0.0,0.0
12.0,179,4.0,0.0,1.0,0.0
12.0,180,2.0,0.0,0.0,0.0
12.0,181,1.0,0.0,1.0,0.0
12.0,182,2.0,0.0,6.0,0.01
12.0,184,1.0,0.0,3.0,0.0
12.0,185,3.0,0.0,2.0,0.0
12.0,186,2.0,0.0,1.0,0.0
12.0,187,1.0,0.0,0.0,0.0
12.0,188,3.0,0.0,1.0,0.0
12.0,189,1.0,0.0,0.0,0.0
12.0,190,1.0,0.0,3.0,0.0
12.0,192,1.0,0.0,0.0,0.0
12.0,193,0.0,0.0,1.0,0.0
12.0,194,2.0,0.0,0.0,0.0
12.0,195,1.0,0.0,0.0,0.0
12.0,196,3.0,0.0,0.0,0.0
12.0,197,0.0,0.0,1.0,0.0
12.0,198,1.0,0.0,1.0,0.0
12.0,199,1.0,0.0,0.0,0.0
12.0,201,1.0,0.0,1.0,0.0
12.0,203,2.0,0.0,1.0,0.0
12.0,208,0.0,0.0,2.0,0.0
12.0,211,1.0,0.0,1.0,0.0
12.0,213,1.0,0.0,1.0,0.0
12.0,216,1.0,0.0,0.0,0.0
12.0,217,0.0,0.0,1.0,0.0
12.0,220,0.0,0.0,1.0,0.0
12.0,221,1.0,0.0,0.0,0.0
12.0,222,2.0,0.0,0.0,0.0
12.0,224,0.0,0.0,1.0,0.0
12.0,227,0.0,0.0,2.0,0.0
12.0,228,0.0,0.0,1.0,0.0
12.0,232,0.0,0.0,2.0,0.0
12.0,234,1.0,0.0,0.0,0.0
12.0,235,1.0,0.0,0.0,0.0
12.0,236,0.0,0.0,1.0,0.0
12.0,238,1.0,0.0,0.0,0.0
12.0,240,2.0,0.0,0.0,0.0
12.0,244,1.0,0.0,0.0,0.0
12.0,245,2.0,0.0,0.0,0.0
12.0,247,0.0,0.0,1.0,0.0
12.0,249,1.0,0.0,0.0,0.0
12.0,255,0.0,0.0,1.0,0.0
12.0,261,1.0,0.0,0.0,0.0
12.0,273,0.0,0.0,1.0,0.0
12.0,275,0.0,0.0,1.0,0.0
12.0,278,0.0,0.0,2.0,0.0
12.0,279,0.0,0.0,1.0,0.0
12.0,280,1.0,0.0,0.0,0.0
12.0,291,1.0,0.0,0.0,0.0
12.0,293,3.0,0.0,0.0,0.0
12.0,295,0.0,0.0,1.0,0.0
12.0,301,1.0,0.0,0.0,0.0
12.0,382,0.0,0.0,1.0,0.0
12.0,396,1.0,0.0,0.0,0.0
13.0,0,9425.0,37.75,12819.0,51.34
13.0,1,2775.0,11.11,1207.0,4.83
13.0,2,1714.0,6.86,1110.0,4.45
13.0,3,1066.0,4.27,785.0,3.14
13.0,4,857.0,3.43,744.0,2.98
13.0,5,717.0,2.87,637.0,2.55
13.0,6,626.0,2.51,562.0,2.25
13.0,7,582.0,2.33,496.0,1.99
13.0,8,457.0,1.83,400.0,1.6
13.0,9,437.0,1.75,373.0,1.49
13.0,10,385.0,1.54,345.0,1.38
13.0,11,336.0,1.35,291.0,1.17
13.0,12,308.0,1.23,286.0,1.15
13.0,13,284.0,1.14,293.0,1.17
13.0,14,281.0,1.13,243.0,0.97
13.0,15,249.0,1.0,208.0,0.83
13.0,16,242.0,0.97,242.0,0.97
13.0,17,218.0,0.87,186.0,0.74
13.0,18,207.0,0.83,201.0,0.8
13.0,19,194.0,0.78,183.0,0.73
13.0,20,187.0,0.75,199.0,0.8
13.0,21,202.0,0.81,205.0,0.82
13.0,22,190.0,0.76,169.0,0.68
13.0,23,177.0,0.71,142.0,0.57
13.0,24,154.0,0.62,127.0,0.51
13.0,25,136.0,0.54,119.0,0.48
13.0,26,120.0,0.48,108.0,0.43
13.0,27,99.0,0.4,83.0,0.33
13.0,28,91.0,0.36,88.0,0.35
13.0,29,79.0,0.32,96.0,0.38
13.0,30,71.0,0.28,74.0,0.3
13.0,31,86.0,0.34,57.0,0.23
13.0,32,88.0,0.35,65.0,0.26
13.0,33,70.0,0.28,66.0,0.26
13.0,34,60.0,0.24,54.0,0.22
13.0,35,54.0,0.22,55.0,0.22
13.0,36,51.0,0.2,57.0,0.23
13.0,37,54.0,0.22,51.0,0.2
13.0,38,54.0,0.22,52.0,0.21
13.0,39,55.0,0.22,58.0,0.23
13.0,40,55.0,0.22,44.0,0.18
13.0,41,37.0,0.15,38.0,0.15
13.0,42,47.0,0.19,38.0,0.15
13.0,43,37.0,0.15,52.0,0.21
13.0,44,48.0,0.19,49.0,0.2
13.0,45,43.0,0.17,38.0,0.15
13.0,46,44.0,0.18,45.0,0.18
13.0,47,45.0,0.18,34.0,0.14
13.0,48,46.0,0.18,42.0,0.17
13.0,49,37.0,0.15,33.0,0.13
13.0,50,41.0,0.16,47.0,0.19
13.0,51,33.0,0.13,33.0,0.13
13.0,52,31.0,0.12,39.0,0.16
13.0,53,30.0,0.12,31.0,0.12
13.0,54,37.0,0.15,44.0,0.18
13.0,55,45.0,0.18,33.0,0.13
13.0,56,37.0,0.15,21.0,0.08
13.0,57,31.0,0.12,39.0,0.16
13.0,58,31.0,0.12,25.0,0.1
13.0,59,39.0,0.16,36.0,0.14
13.0,60,26.0,0.1,38.0,0.15
13.0,61,29.0,0.12,31.0,0.12
13.0,62,24.0,0.1,20.0,0.08
13.0,63,24.0,0.1,28.0,0.11
13.0,64,27.0,0.11,16.0,0.06
13.0,65,26.0,0.1,28.0,0.11
13.0,66,17.0,0.07,16.0,0.06
13.0,67,26.0,0.1,12.0,0.05
13.0,68,19.0,0.08,15.0,0.06
13.0,69,8.0,0.03,19.0,0.08
13.0,70,23.0,0.09,10.0,0.04
13.0,71,20.0,0.08,15.0,0.06
13.0,72,19.0,0.08,14.0,0.06
13.0,73,16.0,0.06,20.0,0.08
13.0,74,17.0,0.07,13.0,0.05
13.0,75,16.0,0.06,11.0,0.04
13.0,76,13.0,0.05,11.0,0.04
13.0,77,8.0,0.03,19.0,0.08
13.0,78,12.0,0.05,13.0,0.05
13.0,79,16.0,0.06,6.0,0.02
13.0,80,11.0,0.04,15.0,0.06
13.0,81,8.0,0.03,11.0,0.04
13.0,82,12.0,0.05,11.0,0.04
13.0,83,16.0,0.06,13.0,0.05
13.0,84,12.0,0.05,9.0,0.04
13.0,85,10.0,0.04,7.0,0.03
13.0,86,8.0,0.03,8.0,0.03
13.0,87,9.0,0.04,11.0,0.04
13.0,88,10.0,0.04,4.0,0.02
13.0,89,9.0,0.04,4.0,0.02
13.0,90,7.0,0.03,9.0,0.04
13.0,91,8.0,0.03,7.0,0.03
13.0,92,6.0,0.02,10.0,0.04
13.0,93,5.0,0.02,4.0,0.02
13.0,94,6.0,0.02,9.0,0.04
13.0,95,9.0,0.04,7.0,0.03
13.0,96,7.0,0.03,2.0,0.01
13.0,97,7.0,0.03,7.0,0.03
13.0,98,5.0,0.02,10.0,0.04
13.0,99,10.0,0.04,5.0,0.02
13.0,100,5.0,0.02,8.0,0.03
13.0,101,2.0,0.01,3.0,0.01
13.0,102,6.0,0.02,4.0,0.02
13.0,103,8.0,0.03,4.0,0.02
13.0,104,6.0,0.02,4.0,0.02
13.0,105,5.0,0.02,6.0,0.02
13.0,106,7.0,0.03,5.0,0.02
13.0,107,5.0,0.02,6.0,0.02
13.0,108,5.0,0.02,4.0,0.02
13.0,109,3.0,0.01,5.0,0.02
13.0,110,4.0,0.02,2.0,0.01
13.0,111,4.0,0.02,5.0,0.02
13.0,112,4.0,0.02,3.0,0.01
13.0,113,2.0,0.01,5.0,0.02
13.0,114,5.0,0.02,1.0,0.0
13.0,115,3.0,0.01,3.0,0.01
13.0,116,5.0,0.02,2.0,0.01
13.0,117,4.0,0.02,1.0,0.0
13.0,118,1.0,0.0,7.0,0.03
13.0,119,1.0,0.0,3.0,0.01
13.0,120,1.0,0.0,3.0,0.01
13.0,121,6.0,0.02,1.0,0.0
13.0,122,3.0,0.01,5.0,0.02
13.0,123,8.0,0.03,1.0,0.0
13.0,124,2.0,0.01,1.0,0.0
13.0,126,3.0,0.01,1.0,0.0
13.0,127,3.0,0.01,3.0,0.01
13.0,128,0.0,0.0,1.0,0.0
13.0,130,4.0,0.02,3.0,0.01
13.0,131,2.0,0.01,3.0,0.01
13.0,132,1.0,0.0,2.0,0.01
13.0,133,1.0,0.0,2.0,0.01
13.0,134,3.0,0.01,0.0,0.0
13.0,135,1.0,0.0,0.0,0.0
13.0,136,2.0,0.01,1.0,0.0
13.0,137,1.0,0.0,0.0,0.0
13.0,138,2.0,0.01,0.0,0.0
13.0,139,1.0,0.0,2.0,0.01
13.0,140,0.0,0.0,2.0,0.01
13.0,141,2.0,0.01,0.0,0.0
13.0,142,1.0,0.0,1.0,0.0
13.0,144,0.0,0.0,1.0,0.0
13.0,145,1.0,0.0,1.0,0.0
13.0,146,1.0,0.0,1.0,0.0
13.0,147,1.0,0.0,0.0,0.0
13.0,148,0.0,0.0,1.0,0.0
13.0,149,1.0,0.0,2.0,0.01
13.0,150,2.0,0.01,1.0,0.0
13.0,153,0.0,0.0,2.0,0.01
13.0,155,1.0,0.0,0.0,0.0
13.0,156,2.0,0.01,2.0,0.01
13.0,157,0.0,0.0,1.0,0.0
13.0,158,0.0,0.0,2.0,0.01
13.0,160,1.0,0.0,2.0,0.01
13.0,161,1.0,0.0,1.0,0.0
13.0,162,2.0,0.01,0.0,0.0
13.0,165,4.0,0.02,1.0,0.0
13.0,166,2.0,0.01,0.0,0.0
13.0,167,1.0,0.0,0.0,0.0
13.0,169,0.0,0.0,1.0,0.0
13.0,170,0.0,0.0,1.0,0.0
13.0,172,1.0,0.0,0.0,0.0
13.0,173,0.0,0.0,1.0,0.0
13.0,174,0.0,0.0,1.0,0.0
13.0,175,0.0,0.0,2.0,0.01
13.0,176,1.0,0.0,1.0,0.0
13.0,177,2.0,0.01,0.0,0.0
13.0,178,2.0,0.01,0.0,0.0
13.0,179,0.0,0.0,1.0,0.0
13.0,180,1.0,0.0,0.0,0.0
13.0,181,0.0,0.0,1.0,0.0
13.0,182,1.0,0.0,0.0,0.0
13.0,183,0.0,0.0,1.0,0.0
13.0,184,1.0,0.0,0.0,0.0
13.0,186,1.0,0.0,1.0,0.0
13.0,190,1.0,0.0,0.0,0.0
13.0,191,1.0,0.0,1.0,0.0
13.0,195,1.0,0.0,0.0,0.0
13.0,197,0.0,0.0,2.0,0.01
13.0,198,0.0,0.0,1.0,0.0
13.0,200,1.0,0.0,0.0,0.0
13.0,201,1.0,0.0,0.0,0.0
13.0,204,0.0,0.0,1.0,0.0
13.0,205,1.0,0.0,0.0,0.0
13.0,213,1.0,0.0,0.0,0.0
13.0,217,0.0,0.0,2.0,0.01
13.0,219,0.0,0.0,1.0,0.0
13.0,221,1.0,0.0,0.0,0.0
13.0,222,1.0,0.0,0.0,0.0
13.0,232,1.0,0.0,0.0,0.0
13.0,236,0.0,0.0,1.0,0.0
13.0,244,1.0,0.0,0.0,0.0
13.0,248,0.0,0.0,1.0,0.0
13.0,251,1.0,0.0,0.0,0.0
13.0,263,0.0,0.0,1.0,0.0
13.0,269,1.0,0.0,0.0,0.0
13.0,280,0.0,0.0,1.0,0.0
13.0,283,1.0,0.0,0.0,0.0
13.0,314,0.0,0.0,1.0,0.0
13.0,322,1.0,0.0,0.0,0.0
14.0,0,67572.0,59.59,82281.0,72.56
14.0,1,11107.0,9.79,4158.0,3.67
14.0,2,5999.0,5.29,2892.0,2.55
14.0,3,3423.0,3.02,1873.0,1.65
14.0,4,2490.0,2.2,1717.0,1.51
14.0,5,1782.0,1.57,1488.0,1.31
14.0,6,1623.0,1.43,1398.0,1.23
14.0,7,1357.0,1.2,1229.0,1.08
14.0,8,1252.0,1.1,1218.0,1.07
14.0,9,1128.0,0.99,1012.0,0.89
14.0,10,1043.0,0.92,958.0,0.84
14.0,11,970.0,0.86,856.0,0.75
14.0,12,851.0,0.75,771.0,0.68
14.0,13,768.0,0.68,692.0,0.61
14.0,14,641.0,0.57,629.0,0.55
14.0,15,591.0,0.52,521.0,0.46
14.0,16,559.0,0.49,514.0,0.45
14.0,17,511.0,0.45,440.0,0.39
14.0,18,454.0,0.4,371.0,0.33
14.0,19,422.0,0.37,363.0,0.32
14.0,20,388.0,0.34,324.0,0.29
14.0,21,339.0,0.3,260.0,0.23
14.0,22,310.0,0.27,269.0,0.24
14.0,23,306.0,0.27,273.0,0.24
14.0,24,267.0,0.24,216.0,0.19
14.0,25,253.0,0.22,226.0,0.2
14.0,26,206.0,0.18,201.0,0.18
14.0,27,193.0,0.17,182.0,0.16
14.0,28,225.0,0.2,179.0,0.16
14.0,29,157.0,0.14,149.0,0.13
14.0,30,194.0,0.17,140.0,0.12
14.0,31,154.0,0.14,142.0,0.13
14.0,32,164.0,0.14,121.0,0.11
14.0,33,156.0,0.14,148.0,0.13
14.0,34,154.0,0.14,113.0,0.1
14.0,35,138.0,0.12,166.0,0.15
14.0,36,121.0,0.11,126.0,0.11
14.0,37,133.0,0.12,125.0,0.11
14.0,38,126.0,0.11,86.0,0.08
14.0,39,116.0,0.1,101.0,0.09
14.0,40,118.0,0.1,111.0,0.1
14.0,41,109.0,0.1,131.0,0.12
14.0,42,118.0,0.1,102.0,0.09
14.0,43,104.0,0.09,91.0,0.08
14.0,44,83.0,0.07,107.0,0.09
14.0,45,104.0,0.09,80.0,0.07
14.0,46,88.0,0.08,91.0,0.08
14.0,47,95.0,0.08,73.0,0.06
14.0,48,82.0,0.07,91.0,0.08
14.0,49,90.0,0.08,75.0,0.07
14.0,50,81.0,0.07,66.0,0.06
14.0,51,75.0,0.07,81.0,0.07
14.0,52,82.0,0.07,88.0,0.08
14.0,53,94.0,0.08,92.0,0.08
14.0,54,81.0,0.07,78.0,0.07
14.0,55,59.0,0.05,65.0,0.06
14.0,56,73.0,0.06,84.0,0.07
14.0,57,73.0,0.06,75.0,0.07
14.0,58,84.0,0.07,54.0,0.05
14.0,59,68.0,0.06,66.0,0.06
14.0,60,83.0,0.07,70.0,0.06
14.0,61,67.0,0.06,45.0,0.04
14.0,62,50.0,0.04,59.0,0.05
14.0,63,55.0,0.05,52.0,0.05
14.0,64,58.0,0.05,49.0,0.04
14.0,65,57.0,0.05,55.0,0.05
14.0,66,54.0,0.05,60.0,0.05
14.0,67,58.0,0.05,55.0,0.05
14.0,68,65.0,0.06,55.0,0.05
14.0,69,37.0,0.03,44.0,0.04
14.0,70,63.0,0.06,49.0,0.04
14.0,71,46.0,0.04,51.0,0.04
14.0,72,56.0,0.05,50.0,0.04
14.0,73,47.0,0.04,50.0,0.04
14.0,74,54.0,0.05,54.0,0.05
14.0,75,36.0,0.03,39.0,0.03
14.0,76,49.0,0.04,39.0,0.03
14.0,77,47.0,0.04,48.0,0.04
14.0,78,56.0,0.05,42.0,0.04
14.0,79,43.0,0.04,41.0,0.04
14.0,80,43.0,0.04,36.0,0.03
14.0,81,40.0,0.04,32.0,0.03
14.0,82,36.0,0.03,37.0,0.03
14.0,83,49.0,0.04,29.0,0.03
14.0,84,29.0,0.03,34.0,0.03
14.0,85,26.0,0.02,34.0,0.03
14.0,86,51.0,0.04,29.0,0.03
14.0,87,22.0,0.02,34.0,0.03
14.0,88,32.0,0.03,29.0,0.03
14.0,89,24.0,0.02,36.0,0.03
14.0,90,40.0,0.04,31.0,0.03
14.0,91,31.0,0.03,24.0,0.02
14.0,92,41.0,0.04,27.0,0.02
14.0,93,25.0,0.02,36.0,0.03
14.0,94,39.0,0.03,30.0,0.03
14.0,95,22.0,0.02,37.0,0.03
14.0,96,25.0,0.02,25.0,0.02
14.0,97,21.0,0.02,20.0,0.02
14.0,98,29.0,0.03,26.0,0.02
14.0,99,27.0,0.02,25.0,0.02
14.0,100,32.0,0.03,33.0,0.03
14.0,101,32.0,0.03,22.0,0.02
14.0,102,29.0,0.03,21.0,0.02
14.0,103,27.0,0.02,28.0,0.02
14.0,104,18.0,0.02,22.0,0.02
14.0,105,26.0,0.02,27.0,0.02
14.0,106,17.0,0.01,22.0,0.02
14.0,107,26.0,0.02,21.0,0.02
14.0,108,23.0,0.02,24.0,0.02
14.0,109,29.0,0.03,16.0,0.01
14.0,110,23.0,0.02,18.0,0.02
14.0,111,9.0,0.01,17.0,0.01
14.0,112,20.0,0.02,18.0,0.02
14.0,113,22.0,0.02,17.0,0.01
14.0,114,14.0,0.01,20.0,0.02
14.0,115,21.0,0.02,20.0,0.02
14.0,116,21.0,0.02,22.0,0.02
14.0,117,17.0,0.01,12.0,0.01
14.0,118,16.0,0.01,12.0,0.01
14.0,119,10.0,0.01,11.0,0.01
14.0,120,29.0,0.03,12.0,0.01
14.0,121,16.0,0.01,9.0,0.01
14.0,122,16.0,0.01,16.0,0.01
14.0,123,9.0,0.01,13.0,0.01
14.0,124,17.0,0.01,16.0,0.01
14.0,125,10.0,0.01,13.0,0.01
14.0,126,14.0,0.01,14.0,0.01
14.0,127,18.0,0.02,19.0,0.02
14.0,128,12.0,0.01,17.0,0.01
14.0,129,14.0,0.01,13.0,0.01
14.0,130,14.0,0.01,15.0,0.01
14.0,131,14.0,0.01,9.0,0.01
14.0,132,14.0,0.01,13.0,0.01
14.0,133,15.0,0.01,11.0,0.01
14.0,134,15.0,0.01,9.0,0.01
14.0,135,12.0,0.01,13.0,0.01
14.0,136,15.0,0.01,16.0,0.01
14.0,137,11.0,0.01,7.0,0.01
14.0,138,13.0,0.01,9.0,0.01
14.0,139,9.0,0.01,7.0,0.01
14.0,140,9.0,0.01,12.0,0.01
14.0,141,4.0,0.0,8.0,0.01
14.0,142,9.0,0.01,15.0,0.01
14.0,143,10.0,0.01,7.0,0.01
14.0,144,11.0,0.01,9.0,0.01
14.0,145,16.0,0.01,12.0,0.01
14.0,146,8.0,0.01,10.0,0.01
14.0,147,10.0,0.01,6.0,0.01
14.0,148,10.0,0.01,9.0,0.01
14.0,149,11.0,0.01,10.0,0.01
14.0,150,7.0,0.01,9.0,0.01
14.0,151,8.0,0.01,5.0,0.0
14.0,152,9.0,0.01,12.0,0.01
14.0,153,13.0,0.01,15.0,0.01
14.0,154,8.0,0.01,5.0,0.0
14.0,155,11.0,0.01,10.0,0.01
14.0,156,8.0,0.01,4.0,0.0
14.0,157,8.0,0.01,7.0,0.01
14.0,158,5.0,0.0,5.0,0.0
14.0,159,10.0,0.01,5.0,0.0
14.0,160,6.0,0.01,3.0,0.0
14.0,161,7.0,0.01,5.0,0.0
14.0,162,6.0,0.01,10.0,0.01
14.0,163,3.0,0.0,10.0,0.01
14.0,164,6.0,0.01,3.0,0.0
14.0,165,7.0,0.01,3.0,0.0
14.0,166,4.0,0.0,5.0,0.0
14.0,167,5.0,0.0,2.0,0.0
14.0,168,3.0,0.0,5.0,0.0
14.0,169,8.0,0.01,8.0,0.01
14.0,170,6.0,0.01,11.0,0.01
14.0,171,5.0,0.0,3.0,0.0
14.0,172,10.0,0.01,4.0,0.0
14.0,173,2.0,0.0,10.0,0.01
14.0,174,7.0,0.01,5.0,0.0
14.0,175,6.0,0.01,3.0,0.0
14.0,176,10.0,0.01,6.0,0.01
14.0,177,5.0,0.0,3.0,0.0
14.0,178,4.0,0.0,4.0,0.0
14.0,179,8.0,0.01,3.0,0.0
14.0,180,6.0,0.01,7.0,0.01
14.0,181,6.0,0.01,5.0,0.0
14.0,182,2.0,0.0,3.0,0.0
14.0,183,4.0,0.0,5.0,0.0
14.0,184,7.0,0.01,2.0,0.0
14.0,185,5.0,0.0,4.0,0.0
14.0,186,4.0,0.0,2.0,0.0
14.0,187,4.0,0.0,8.0,0.01
14.0,188,1.0,0.0,1.0,0.0
14.0,189,1.0,0.0,6.0,0.01
14.0,190,5.0,0.0,2.0,0.0
14.0,191,3.0,0.0,3.0,0.0
14.0,192,5.0,0.0,4.0,0.0
14.0,193,3.0,0.0,1.0,0.0
14.0,194,2.0,0.0,4.0,0.0
14.0,195,5.0,0.0,5.0,0.0
14.0,196,0.0,0.0,1.0,0.0
14.0,197,5.0,0.0,9.0,0.01
14.0,198,5.0,0.0,1.0,0.0
14.0,199,2.0,0.0,4.0,0.0
14.0,200,4.0,0.0,1.0,0.0
14.0,201,2.0,0.0,3.0,0.0
14.0,202,4.0,0.0,5.0,0.0
14.0,203,5.0,0.0,1.0,0.0
14.0,204,2.0,0.0,4.0,0.0
14.0,205,5.0,0.0,3.0,0.0
14.0,206,2.0,0.0,3.0,0.0
14.0,207,5.0,0.0,2.0,0.0
14.0,208,1.0,0.0,3.0,0.0
14.0,209,5.0,0.0,0.0,0.0
14.0,210,2.0,0.0,1.0,0.0
14.0,211,5.0,0.0,5.0,0.0
14.0,212,2.0,0.0,2.0,0.0
14.0,213,0.0,0.0,3.0,0.0
14.0,214,3.0,0.0,2.0,0.0
14.0,215,5.0,0.0,3.0,0.0
14.0,216,4.0,0.0,3.0,0.0
14.0,217,2.0,0.0,0.0,0.0
14.0,218,1.0,0.0,3.0,0.0
14.0,219,2.0,0.0,1.0,0.0
14.0,220,3.0,0.0,1.0,0.0
14.0,221,4.0,0.0,1.0,0.0
14.0,222,1.0,0.0,4.0,0.0
14.0,223,0.0,0.0,3.0,0.0
14.0,224,2.0,0.0,0.0,0.0
14.0,225,1.0,0.0,1.0,0.0
14.0,226,2.0,0.0,2.0,0.0
14.0,227,2.0,0.0,3.0,0.0
14.0,228,1.0,0.0,1.0,0.0
14.0,229,2.0,0.0,1.0,0.0
14.0,230,1.0,0.0,0.0,0.0
14.0,231,1.0,0.0,0.0,0.0
14.0,232,1.0,0.0,0.0,0.0
14.0,233,2.0,0.0,2.0,0.0
14.0,234,2.0,0.0,0.0,0.0
14.0,235,0.0,0.0,1.0,0.0
14.0,236,1.0,0.0,0.0,0.0
14.0,237,0.0,0.0,4.0,0.0
14.0,238,3.0,0.0,0.0,0.0
14.0,241,1.0,0.0,1.0,0.0
14.0,242,1.0,0.0,0.0,0.0
14.0,243,1.0,0.0,2.0,0.0
14.0,244,1.0,0.0,0.0,0.0
14.0,245,2.0,0.0,1.0,0.0
14.0,246,2.0,0.0,2.0,0.0
14.0,247,1.0,0.0,5.0,0.0
14.0,248,0.0,0.0,1.0,0.0
14.0,250,2.0,0.0,0.0,0.0
14.0,251,1.0,0.0,1.0,0.0
14.0,252,1.0,0.0,1.0,0.0
14.0,253,2.0,0.0,2.0,0.0
14.0,254,3.0,0.0,0.0,0.0
14.0,255,0.0,0.0,3.0,0.0
14.0,256,1.0,0.0,0.0,0.0
14.0,257,0.0,0.0,1.0,0.0
14.0,258,2.0,0.0,1.0,0.0
14.0,260,1.0,0.0,1.0,0.0
14.0,262,1.0,0.0,0.0,0.0
14.0,263,1.0,0.0,0.0,0.0
14.0,264,1.0,0.0,0.0,0.0
14.0,265,1.0,0.0,1.0,0.0
14.0,266,0.0,0.0,2.0,0.0
14.0,267,1.0,0.0,2.0,0.0
14.0,268,1.0,0.0,0.0,0.0
14.0,269,2.0,0.0,1.0,0.0
14.0,271,1.0,0.0,1.0,0.0
14.0,273,1.0,0.0,1.0,0.0
14.0,275,1.0,0.0,1.0,0.0
14.0,276,0.0,0.0,1.0,0.0
14.0,277,0.0,0.0,1.0,0.0
14.0,278,1.0,0.0,0.0,0.0
14.0,281,1.0,0.0,0.0,0.0
14.0,282,1.0,0.0,1.0,0.0
14.0,283,1.0,0.0,0.0,0.0
14.0,284,2.0,0.0,1.0,0.0
14.0,286,0.0,0.0,2.0,0.0
14.0,287,0.0,0.0,1.0,0.0
14.0,288,1.0,0.0,0.0,0.0
14.0,289,0.0,0.0,1.0,0.0
14.0,291,1.0,0.0,2.0,0.0
14.0,293,0.0,0.0,1.0,0.0
14.0,294,4.0,0.0,0.0,0.0
14.0,295,2.0,0.0,0.0,0.0
14.0,296,1.0,0.0,1.0,0.0
14.0,297,1.0,0.0,0.0,0.0
14.0,300,1.0,0.0,0.0,0.0
14.0,301,0.0,0.0,3.0,0.0
14.0,306,0.0,0.0,1.0,0.0
14.0,307,1.0,0.0,0.0,0.0
14.0,311,0.0,0.0,2.0,0.0
14.0,313,1.0,0.0,2.0,0.0
14.0,316,1.0,0.0,0.0,0.0
14.0,318,0.0,0.0,1.0,0.0
14.0,319,1.0,0.0,0.0,0.0
14.0,320,1.0,0.0,0.0,0.0
14.0,322,1.0,0.0,0.0,0.0
14.0,323,1.0,0.0,0.0,0.0
14.0,325,1.0,0.0,0.0,0.0
14.0,330,1.0,0.0,0.0,0.0
14.0,331,0.0,0.0,1.0,0.0
14.0,332,1.0,0.0,0.0,0.0
14.0,333,0.0,0.0,2.0,0.0
14.0,341,0.0,0.0,1.0,0.0
14.0,347,1.0,0.0,0.0,0.0
14.0,348,0.0,0.0,1.0,0.0
14.0,355,1.0,0.0,0.0,0.0
14.0,357,1.0,0.0,0.0,0.0
14.0,360,1.0,0.0,0.0,0.0
14.0,368,0.0,0.0,1.0,0.0
14.0,378,1.0,0.0,0.0,0.0
14.0,389,0.0,0.0,1.0,0.0
14.0,405,1.0,0.0,0.0,0.0
14.0,407,0.0,0.0,1.0,0.0
14.0,419,1.0,0.0,0.0,0.0
14.0,449,0.0,0.0,1.0,0.0
14.0,450,0.0,0.0,1.0,0.0
14.0,468,1.0,0.0,0.0,0.0
14.0,469,1.0,0.0,0.0,0.0
14.0,548,0.0,0.0,1.0,0.0
14.0,575,1.0,0.0,0.0,0.0
14.0,750,0.0,0.0,1.0,0.0
14.0,780,1.0,0.0,0.0,0.0
14.0,1586,0.0,0.0,1.0,0.0
14.0,1654,1.0,0.0,0.0,0.0
15.0,0,6788.0,29.5,8791.0,38.21
15.0,1,2314.0,10.06,1428.0,6.21
15.0,2,1396.0,6.07,1103.0,4.79
15.0,3,928.0,4.03,752.0,3.27
15.0,4,777.0,3.38,739.0,3.21
15.0,5,627.0,2.73,588.0,2.56
15.0,6,608.0,2.64,576.0,2.5
15.0,7,552.0,2.4,552.0,2.4
15.0,8,524.0,2.28,490.0,2.13
15.0,9,509.0,2.21,451.0,1.96
15.0,10,465.0,2.02,491.0,2.13
15.0,11,449.0,1.95,442.0,1.92
15.0,12,449.0,1.95,428.0,1.86
15.0,13,422.0,1.83,372.0,1.62
15.0,14,347.0,1.51,379.0,1.65
15.0,15,397.0,1.73,425.0,1.85
15.0,16,379.0,1.65,396.0,1.72
15.0,17,413.0,1.8,425.0,1.85
15.0,18,371.0,1.61,418.0,1.82
15.0,19,442.0,1.92,481.0,2.09
15.0,20,455.0,1.98,456.0,1.98
15.0,21,473.0,2.06,464.0,2.02
15.0,22,485.0,2.11,459.0,2.0
15.0,23,454.0,1.97,408.0,1.77
15.0,24,396.0,1.72,285.0,1.24
15.0,25,313.0,1.36,205.0,0.89
15.0,26,228.0,0.99,164.0,0.71
15.0,27,179.0,0.78,140.0,0.61
15.0,28,129.0,0.56,79.0,0.34
15.0,29,92.0,0.4,65.0,0.28
15.0,30,62.0,0.27,57.0,0.25
15.0,31,63.0,0.27,51.0,0.22
15.0,32,60.0,0.26,39.0,0.17
15.0,33,53.0,0.23,46.0,0.2
15.0,34,32.0,0.14,38.0,0.17
15.0,35,38.0,0.17,24.0,0.1
15.0,36,23.0,0.1,14.0,0.06
15.0,37,19.0,0.08,20.0,0.09
15.0,38,16.0,0.07,16.0,0.07
15.0,39,13.0,0.06,12.0,0.05
15.0,40,11.0,0.05,9.0,0.04
15.0,41,12.0,0.05,7.0,0.03
15.0,42,7.0,0.03,7.0,0.03
15.0,43,7.0,0.03,5.0,0.02
15.0,44,9.0,0.04,6.0,0.03
15.0,45,8.0,0.03,9.0,0.04
15.0,46,4.0,0.02,5.0,0.02
15.0,47,8.0,0.03,5.0,0.02
15.0,48,9.0,0.04,6.0,0.03
15.0,49,4.0,0.02,4.0,0.02
15.0,50,1.0,0.0,3.0,0.01
15.0,51,6.0,0.03,7.0,0.03
15.0,52,4.0,0.02,2.0,0.01
15.0,53,4.0,0.02,2.0,0.01
15.0,54,10.0,0.04,4.0,0.02
15.0,55,3.0,0.01,3.0,0.01
15.0,56,2.0,0.01,5.0,0.02
15.0,57,4.0,0.02,10.0,0.04
15.0,58,6.0,0.03,1.0,0.0
15.0,59,8.0,0.03,3.0,0.01
15.0,60,3.0,0.01,4.0,0.02
15.0,61,3.0,0.01,5.0,0.02
15.0,62,1.0,0.0,4.0,0.02
15.0,63,5.0,0.02,2.0,0.01
15.0,64,6.0,0.03,2.0,0.01
15.0,65,2.0,0.01,1.0,0.0
15.0,66,0.0,0.0,1.0,0.0
15.0,67,2.0,0.01,1.0,0.0
15.0,68,3.0,0.01,5.0,0.02
15.0,69,2.0,0.01,3.0,0.01
15.0,70,1.0,0.0,4.0,0.02
15.0,71,4.0,0.02,4.0,0.02
15.0,72,1.0,0.0,3.0,0.01
15.0,73,5.0,0.02,3.0,0.01
15.0,74,3.0,0.01,2.0,0.01
15.0,75,3.0,0.01,2.0,0.01
15.0,76,3.0,0.01,1.0,0.0
15.0,77,3.0,0.01,0.0,0.0
15.0,78,1.0,0.0,1.0,0.0
15.0,79,1.0,0.0,1.0,0.0
15.0,80,2.0,0.01,3.0,0.01
15.0,81,2.0,0.01,3.0,0.01
15.0,82,1.0,0.0,2.0,0.01
15.0,83,2.0,0.01,2.0,0.01
15.0,84,0.0,0.0,2.0,0.01
15.0,85,2.0,0.01,1.0,0.0
15.0,86,1.0,0.0,1.0,0.0
15.0,87,1.0,0.0,1.0,0.0
15.0,88,1.0,0.0,0.0,0.0
15.0,89,2.0,0.01,4.0,0.02
15.0,90,0.0,0.0,1.0,0.0
15.0,91,2.0,0.01,0.0,0.0
15.0,92,5.0,0.02,0.0,0.0
15.0,93,1.0,0.0,3.0,0.01
15.0,94,0.0,0.0,1.0,0.0
15.0,95,2.0,0.01,4.0,0.02
15.0,96,2.0,0.01,1.0,0.0
15.0,97,3.0,0.01,1.0,0.0
15.0,98,0.0,0.0,1.0,0.0
15.0,99,2.0,0.01,2.0,0.01
15.0,100,1.0,0.0,0.0,0.0
15.0,101,0.0,0.0,1.0,0.0
15.0,102,2.0,0.01,1.0,0.0
15.0,103,1.0,0.0,0.0,0.0
15.0,104,2.0,0.01,1.0,0.0
15.0,105,1.0,0.0,0.0,0.0
15.0,106,0.0,0.0,1.0,0.0
15.0,108,1.0,0.0,2.0,0.01
15.0,109,0.0,0.0,2.0,0.01
15.0,110,1.0,0.0,1.0,0.0
15.0,112,2.0,0.01,2.0,0.01
15.0,113,1.0,0.0,0.0,0.0
15.0,114,4.0,0.02,4.0,0.02
15.0,115,0.0,0.0,1.0,0.0
15.0,116,0.0,0.0,2.0,0.01
15.0,117,0.0,0.0,1.0,0.0
15.0,118,0.0,0.0,1.0,0.0
15.0,120,1.0,0.0,3.0,0.01
15.0,121,3.0,0.01,0.0,0.0
15.0,122,2.0,0.01,2.0,0.01
15.0,123,4.0,0.02,2.0,0.01
15.0,124,0.0,0.0,2.0,0.01
15.0,125,3.0,0.01,0.0,0.0
15.0,126,1.0,0.0,0.0,0.0
15.0,127,1.0,0.0,0.0,0.0
15.0,128,0.0,0.0,1.0,0.0
15.0,129,1.0,0.0,0.0,0.0
15.0,131,0.0,0.0,1.0,0.0
15.0,132,0.0,0.0,2.0,0.01
15.0,134,1.0,0.0,1.0,0.0
15.0,135,1.0,0.0,1.0,0.0
15.0,136,4.0,0.02,0.0,0.0
15.0,138,1.0,0.0,0.0,0.0
15.0,143,1.0,0.0,1.0,0.0
15.0,144,0.0,0.0,1.0,0.0
15.0,146,0.0,0.0,1.0,0.0
15.0,148,1.0,0.0,0.0,0.0
15.0,151,1.0,0.0,0.0,0.0
15.0,153,0.0,0.0,1.0,0.0
15.0,155,0.0,0.0,2.0,0.01
15.0,158,2.0,0.01,0.0,0.0
15.0,160,0.0,0.0,1.0,0.0
15.0,164,1.0,0.0,0.0,0.0
15.0,165,1.0,0.0,1.0,0.0
15.0,167,0.0,0.0,1.0,0.0
15.0,168,0.0,0.0,2.0,0.01
15.0,169,1.0,0.0,0.0,0.0
15.0,172,1.0,0.0,0.0,0.0
15.0,174,1.0,0.0,0.0,0.0
15.0,175,1.0,0.0,2.0,0.01
15.0,177,1.0,0.0,0.0,0.0
15.0,180,1.0,0.0,0.0,0.0
15.0,181,0.0,0.0,1.0,0.0
15.0,182,0.0,0.0,1.0,0.0
15.0,185,1.0,0.0,0.0,0.0
15.0,198,1.0,0.0,0.0,0.0
15.0,209,0.0,0.0,1.0,0.0
15.0,214,1.0,0.0,0.0,0.0
15.0,252,0.0,0.0,1.0,0.0
15.0,285,1.0,0.0,0.0,0.0
15.0,353,0.0,0.0,1.0,0.0
15.0,403,1.0,0.0,0.0,0.0
16.0,0,5286.0,66.38,5897.0,74.06
16.0,1,533.0,6.69,250.0,3.14
16.0,2,297.0,3.73,209.0,2.62
16.0,3,220.0,2.76,162.0,2.03
16.0,4,153.0,1.92,146.0,1.83
16.0,5,132.0,1.66,100.0,1.26
16.0,6,109.0,1.37,111.0,1.39
16.0,7,105.0,1.32,109.0,1.37
16.0,8,118.0,1.48,118.0,1.48
16.0,9,83.0,1.04,84.0,1.05
16.0,10,82.0,1.03,72.0,0.9
16.0,11,91.0,1.14,62.0,0.78
16.0,12,65.0,0.82,56.0,0.7
16.0,13,51.0,0.64,45.0,0.57
16.0,14,47.0,0.59,43.0,0.54
16.0,15,41.0,0.51,38.0,0.48
16.0,16,42.0,0.53,32.0,0.4
16.0,17,31.0,0.39,43.0,0.54
16.0,18,41.0,0.51,22.0,0.28
16.0,19,30.0,0.38,26.0,0.33
16.0,20,25.0,0.31,26.0,0.33
16.0,21,32.0,0.4,30.0,0.38
16.0,22,29.0,0.36,23.0,0.29
16.0,23,21.0,0.26,17.0,0.21
16.0,24,25.0,0.31,29.0,0.36
16.0,25,18.0,0.23,11.0,0.14
16.0,26,13.0,0.16,16.0,0.2
16.0,27,18.0,0.23,9.0,0.11
16.0,28,25.0,0.31,13.0,0.16
16.0,29,10.0,0.13,18.0,0.23
16.0,30,15.0,0.19,17.0,0.21
16.0,31,18.0,0.23,13.0,0.16
16.0,32,17.0,0.21,13.0,0.16
16.0,33,18.0,0.23,18.0,0.23
16.0,34,16.0,0.2,3.0,0.04
16.0,35,13.0,0.16,5.0,0.06
16.0,36,9.0,0.11,8.0,0.1
16.0,37,8.0,0.1,4.0,0.05
16.0,38,6.0,0.08,6.0,0.08
16.0,39,3.0,0.04,1.0,0.01
16.0,40,1.0,0.01,3.0,0.04
16.0,41,2.0,0.03,3.0,0.04
16.0,42,2.0,0.03,0.0,0.0
16.0,43,2.0,0.03,1.0,0.01
16.0,44,2.0,0.03,2.0,0.03
16.0,45,3.0,0.04,2.0,0.03
16.0,46,2.0,0.03,1.0,0.01
16.0,47,2.0,0.03,1.0,0.01
16.0,48,2.0,0.03,1.0,0.01
16.0,49,2.0,0.03,1.0,0.01
16.0,50,0.0,0.0,4.0,0.05
16.0,51,1.0,0.01,0.0,0.0
16.0,52,0.0,0.0,1.0,0.01
16.0,53,3.0,0.04,2.0,0.03
16.0,54,2.0,0.03,0.0,0.0
16.0,56,1.0,0.01,0.0,0.0
16.0,57,1.0,0.01,1.0,0.01
16.0,59,1.0,0.01,0.0,0.0
16.0,60,0.0,0.0,1.0,0.01
16.0,61,2.0,0.03,0.0,0.0
16.0,63,1.0,0.01,1.0,0.01
16.0,64,0.0,0.0,2.0,0.03
16.0,65,1.0,0.01,0.0,0.0
16.0,66,0.0,0.0,1.0,0.01
16.0,67,1.0,0.01,0.0,0.0
16.0,68,2.0,0.03,3.0,0.04
16.0,69,1.0,0.01,1.0,0.01
16.0,70,2.0,0.03,0.0,0.0
16.0,71,1.0,0.01,1.0,0.01
16.0,72,0.0,0.0,2.0,0.03
16.0,73,0.0,0.0,1.0,0.01
16.0,74,1.0,0.01,1.0,0.01
16.0,75,2.0,0.03,0.0,0.0
16.0,76,3.0,0.04,0.0,0.0
16.0,79,0.0,0.0,1.0,0.01
16.0,80,1.0,0.01,0.0,0.0
16.0,81,0.0,0.0,1.0,0.01
16.0,84,1.0,0.01,1.0,0.01
16.0,85,1.0,0.01,0.0,0.0
16.0,89,0.0,0.0,1.0,0.01
16.0,90,1.0,0.01,0.0,0.0
16.0,91,0.0,0.0,1.0,0.01
16.0,93,0.0,0.0,2.0,0.03
16.0,94,1.0,0.01,0.0,0.0
16.0,96,1.0,0.01,0.0,0.0
16.0,97,1.0,0.01,0.0,0.0
16.0,98,0.0,0.0,1.0,0.01
16.0,102,0.0,0.0,1.0,0.01
16.0,103,1.0,0.01,1.0,0.01
16.0,104,1.0,0.01,0.0,0.0
16.0,106,1.0,0.01,0.0,0.0
16.0,107,0.0,0.0,1.0,0.01
16.0,108,1.0,0.01,1.0,0.01
16.0,110,1.0,0.01,0.0,0.0
16.0,111,0.0,0.0,1.0,0.01
16.0,115,0.0,0.0,1.0,0.01
16.0,116,1.0,0.01,0.0,0.0
16.0,119,1.0,0.01,0.0,0.0
16.0,123,0.0,0.0,1.0,0.01
16.0,127,0.0,0.0,1.0,0.01
16.0,128,0.0,0.0,1.0,0.01
16.0,129,1.0,0.01,0.0,0.0
16.0,136,1.0,0.01,0.0,0.0
16.0,147,1.0,0.01,0.0,0.0
16.0,197,0.0,0.0,1.0,0.01
16.0,199,0.0,0.0,1.0,0.01
16.0,200,1.0,0.01,0.0,0.0
16.0,208,1.0,0.01,0.0,0.0
16.0,252,0.0,0.0,1.0,0.01
16.0,256,1.0,0.01,0.0,0.0
16.0,614,0.0,0.0,1.0,0.01
16.0,649,1.0,0.01,0.0,0.0
17.0,0,1255.0,26.05,1611.0,33.44
17.0,1,418.0,8.68,219.0,4.55
17.0,2,204.0,4.24,144.0,2.99
17.0,3,122.0,2.53,99.0,2.06
17.0,4,95.0,1.97,96.0,1.99
17.0,5,82.0,1.7,78.0,1.62
17.0,6,80.0,1.66,91.0,1.89
17.0,7,78.0,1.62,82.0,1.7
17.0,8,76.0,1.58,78.0,1.62
17.0,9,72.0,1.49,59.0,1.22
17.0,10,79.0,1.64,97.0,2.01
17.0,11,86.0,1.79,88.0,1.83
17.0,12,82.0,1.7,84.0,1.74
17.0,13,79.0,1.64,84.0,1.74
17.0,14,96.0,1.99,92.0,1.91
17.0,15,93.0,1.93,97.0,2.01
17.0,16,83.0,1.72,117.0,2.43
17.0,17,109.0,2.26,119.0,2.47
17.0,18,108.0,2.24,135.0,2.8
17.0,19,129.0,2.68,188.0,3.9
17.0,20,158.0,3.28,193.0,4.01
17.0,21,160.0,3.32,166.0,3.45
17.0,22,202.0,4.19,192.0,3.99
17.0,23,187.0,3.88,146.0,3.03
17.0,24,142.0,2.95,109.0,2.26
17.0,25,130.0,2.7,77.0,1.6
17.0,26,112.0,2.33,66.0,1.37
17.0,27,73.0,1.52,41.0,0.85
17.0,28,41.0,0.85,29.0,0.6
17.0,29,35.0,0.73,21.0,0.44
17.0,30,25.0,0.52,21.0,0.44
17.0,31,18.0,0.37,11.0,0.23
17.0,32,15.0,0.31,13.0,0.27
17.0,33,16.0,0.33,15.0,0.31
17.0,34,15.0,0.31,12.0,0.25
17.0,35,13.0,0.27,15.0,0.31
17.0,36,13.0,0.27,6.0,0.12
17.0,37,9.0,0.19,5.0,0.1
17.0,38,5.0,0.1,3.0,0.06
17.0,39,3.0,0.06,1.0,0.02
17.0,41,1.0,0.02,0.0,0.0
17.0,43,0.0,0.0,1.0,0.02
17.0,45,2.0,0.04,0.0,0.0
17.0,47,0.0,0.0,1.0,0.02
17.0,49,1.0,0.02,1.0,0.02
17.0,54,0.0,0.0,1.0,0.02
17.0,55,1.0,0.02,0.0,0.0
17.0,58,1.0,0.02,0.0,0.0
17.0,65,0.0,0.0,1.0,0.02
17.0,67,1.0,0.02,0.0,0.0
17.0,71,0.0,0.0,1.0,0.02
17.0,72,1.0,0.02,0.0,0.0
17.0,76,0.0,0.0,1.0,0.02
17.0,83,1.0,0.02,0.0,0.0
17.0,89,1.0,0.02,1.0,0.02
17.0,98,0.0,0.0,1.0,0.02
17.0,105,1.0,0.02,0.0,0.0
17.0,159,0.0,0.0,2.0,0.04
17.0,160,1.0,0.02,0.0,0.0
17.0,168,1.0,0.02,0.0,0.0
17.0,176,0.0,0.0,1.0,0.02
17.0,186,1.0,0.02,0.0,0.0
17.0,191,0.0,0.0,1.0,0.02
17.0,198,1.0,0.02,0.0,0.0
17.0,220,0.0,0.0,1.0,0.02
17.0,230,1.0,0.02,0.0,0.0
17.0,293,0.0,0.0,1.0,0.02
17.0,308,1.0,0.02,0.0,0.0
17.0,356,0.0,0.0,1.0,0.02
17.0,372,1.0,0.02,0.0,0.0
17.0,2823,0.0,0.0,1.0,0.02
17.0,2945,1.0,0.02,0.0,0.0
18.0,0,17.0,13.82,30.0,24.39
18.0,1,6.0,4.88,2.0,1.63
18.0,2,6.0,4.88,0.0,0.0
18.0,3,2.0,1.63,0.0,0.0
18.0,4,2.0,1.63,1.0,0.81
18.0,8,0.0,0.0,4.0,3.25
18.0,9,2.0,1.63,3.0,2.44
18.0,10,0.0,0.0,2.0,1.63
18.0,11,2.0,1.63,1.0,0.81
18.0,12,3.0,2.44,2.0,1.63
18.0,13,3.0,2.44,1.0,0.81
18.0,14,3.0,2.44,3.0,2.44
18.0,15,1.0,0.81,3.0,2.44
18.0,16,4.0,3.25,3.0,2.44
18.0,17,2.0,1.63,4.0,3.25
18.0,18,2.0,1.63,1.0,0.81
18.0,19,3.0,2.44,2.0,1.63
18.0,20,2.0,1.63,7.0,5.69
18.0,21,7.0,5.69,4.0,3.25
18.0,22,4.0,3.25,3.0,2.44
18.0,23,4.0,3.25,2.0,1.63
18.0,24,2.0,1.63,4.0,3.25
18.0,25,5.0,4.07,3.0,2.44
18.0,26,3.0,2.44,4.0,3.25
18.0,27,3.0,2.44,1.0,0.81
18.0,28,2.0,1.63,2.0,1.63
18.0,29,1.0,0.81,3.0,2.44
18.0,30,3.0,2.44,5.0,4.07
18.0,31,4.0,3.25,3.0,2.44
18.0,32,5.0,4.07,1.0,0.81
18.0,33,1.0,0.81,5.0,4.07
18.0,34,3.0,2.44,1.0,0.81
18.0,35,1.0,0.81,5.0,4.07
18.0,36,6.0,4.88,3.0,2.44
18.0,37,3.0,2.44,2.0,1.63
18.0,38,2.0,1.63,0.0,0.0
18.0,39,2.0,1.63,2.0,1.63
18.0,40,1.0,0.81,0.0,0.0
18.0,122,0.0,0.0,1.0,0.81
18.0,126,1.0,0.81,0.0,0.0
19.0,0,43.0,16.17,59.0,22.18
19.0,1,13.0,4.89,7.0,2.63
19.0,2,6.0,2.26,4.0,1.5
19.0,3,6.0,2.26,2.0,0.75
19.0,4,4.0,1.5,2.0,0.75
19.0,5,1.0,0.38,1.0,0.38
19.0,6,2.0,0.75,3.0,1.13
19.0,7,4.0,1.5,5.0,1.88
19.0,8,3.0,1.13,0.0,0.0
19.0,9,0.0,0.0,1.0,0.38
19.0,10,3.0,1.13,3.0,1.13
19.0,11,2.0,0.75,3.0,1.13
19.0,12,3.0,1.13,3.0,1.13
19.0,13,2.0,0.75,5.0,1.88
19.0,14,3.0,1.13,4.0,1.5
19.0,15,5.0,1.88,5.0,1.88
19.0,16,6.0,2.26,8.0,3.01
19.0,17,6.0,2.26,12.0,4.51
19.0,18,9.0,3.38,8.0,3.01
19.0,19,5.0,1.88,8.0,3.01
19.0,20,12.0,4.51,16.0,6.02
19.0,21,8.0,3.01,8.0,3.01
19.0,22,14.0,5.26,15.0,5.64
19.0,23,11.0,4.14,11.0,4.14
19.0,24,13.0,4.89,10.0,3.76
19.0,25,13.0,4.89,8.0,3.01
19.0,26,10.0,3.76,8.0,3.01
19.0,27,9.0,3.38,3.0,1.13
19.0,28,4.0,1.5,4.0,1.5
19.0,29,4.0,1.5,6.0,2.26
19.0,30,6.0,2.26,6.0,2.26
19.0,31,4.0,1.5,8.0,3.01
19.0,32,9.0,3.38,2.0,0.75
19.0,33,6.0,2.26,4.0,1.5
19.0,34,2.0,0.75,5.0,1.88
19.0,35,3.0,1.13,5.0,1.88
19.0,36,6.0,2.26,0.0,0.0
19.0,37,3.0,1.13,2.0,0.75
19.0,38,1.0,0.38,0.0,0.0
19.0,59,1.0,0.38,1.0,0.38
19.0,121,0.0,0.0,1.0,0.38
19.0,125,1.0,0.38,0.0,0.0
