level,diac_count,num_sentences,pct,num_sentences_no_tanween,pct_no_tanween
1,0,269.0,65.77,299.0,73.11
1,1,42.0,10.27,36.0,8.8
1,2,29.0,7.09,37.0,9.05
1,3,42.0,10.27,24.0,5.87
1,4,26.0,6.36,13.0,3.18
1,5,1.0,0.24,0.0,0.0
2,0,266.0,60.87,285.0,65.22
2,1,29.0,6.64,21.0,4.81
2,2,31.0,7.09,43.0,9.84
2,3,49.0,11.21,38.0,8.7
2,4,26.0,5.95,25.0,5.72
2,5,21.0,4.81,16.0,3.66
2,6,9.0,2.06,5.0,1.14
2,7,4.0,0.92,3.0,0.69
2,8,1.0,0.23,1.0,0.23
2,9,1.0,0.23,0.0,0.0
3,0,879.0,60.12,897.0,61.35
3,1,115.0,7.87,106.0,7.25
3,2,69.0,4.72,73.0,4.99
3,3,89.0,6.09,80.0,5.47
3,4,91.0,6.22,92.0,6.29
3,5,58.0,3.97,60.0,4.1
3,6,44.0,3.01,43.0,2.94
3,7,39.0,2.67,38.0,2.6
3,8,18.0,1.23,15.0,1.03
3,9,19.0,1.3,19.0,1.3
3,10,18.0,1.23,18.0,1.23
3,11,9.0,0.62,9.0,0.62
3,12,6.0,0.41,6.0,0.41
3,13,2.0,0.14,4.0,0.27
3,14,4.0,0.27,1.0,0.07
3,15,2.0,0.14,1.0,0.07
4,0,487.0,64.85,503.0,66.98
4,1,42.0,5.59,40.0,5.33
4,2,36.0,4.79,30.0,3.99
4,3,23.0,3.06,23.0,3.06
4,4,31.0,4.13,27.0,3.6
4,5,19.0,2.53,19.0,2.53
4,6,17.0,2.26,18.0,2.4
4,7,19.0,2.53,15.0,2.0
4,8,21.0,2.8,22.0,2.93
4,9,11.0,1.46,9.0,1.2
4,10,6.0,0.8,7.0,0.93
4,11,11.0,1.46,13.0,1.73
4,12,9.0,1.2,9.0,1.2
4,13,5.0,0.67,5.0,0.67
4,14,3.0,0.4,3.0,0.4
4,15,3.0,0.4,2.0,0.27
4,16,3.0,0.4,3.0,0.4
4,17,2.0,0.27,1.0,0.13
4,18,2.0,0.27,1.0,0.13
4,21,1.0,0.13,1.0,0.13
5,0,1883.0,54.69,1968.0,57.16
5,1,204.0,5.93,152.0,4.41
5,2,122.0,3.54,103.0,2.99
5,3,135.0,3.92,130.0,3.78
5,4,131.0,3.8,149.0,4.33
5,5,128.0,3.72,115.0,3.34
5,6,126.0,3.66,129.0,3.75
5,7,78.0,2.27,72.0,2.09
5,8,131.0,3.8,126.0,3.66
5,9,78.0,2.27,83.0,2.41
5,10,61.0,1.77,59.0,1.71
5,11,58.0,1.68,56.0,1.63
5,12,30.0,0.87,38.0,1.1
5,13,50.0,1.45,49.0,1.42
5,14,40.0,1.16,35.0,1.02
5,15,24.0,0.7,30.0,0.87
5,16,29.0,0.84,26.0,0.76
5,17,20.0,0.58,18.0,0.52
5,18,22.0,0.64,20.0,0.58
5,19,14.0,0.41,14.0,0.41
5,20,12.0,0.35,10.0,0.29
5,21,13.0,0.38,12.0,0.35
5,22,7.0,0.2,7.0,0.2
5,23,4.0,0.12,3.0,0.09
5,24,11.0,0.32,9.0,0.26
5,25,4.0,0.12,8.0,0.23
5,26,3.0,0.09,2.0,0.06
5,27,7.0,0.2,4.0,0.12
5,28,4.0,0.12,2.0,0.06
5,29,1.0,0.03,1.0,0.03
5,30,2.0,0.06,3.0,0.09
5,31,6.0,0.17,5.0,0.15
5,32,1.0,0.03,2.0,0.06
5,33,1.0,0.03,0.0,0.0
5,34,1.0,0.03,2.0,0.06
5,35,1.0,0.03,0.0,0.0
5,44,0.0,0.0,1.0,0.03
5,46,1.0,0.03,0.0,0.0
6,0,813.0,53.0,844.0,55.02
6,1,82.0,5.35,65.0,4.24
6,2,47.0,3.06,41.0,2.67
6,3,69.0,4.5,67.0,4.37
6,4,54.0,3.52,50.0,3.26
6,5,25.0,1.63,28.0,1.83
6,6,46.0,3.0,49.0,3.19
6,7,45.0,2.93,41.0,2.67
6,8,22.0,1.43,20.0,1.3
6,9,24.0,1.56,37.0,2.41
6,10,44.0,2.87,41.0,2.67
6,11,26.0,1.69,22.0,1.43
6,12,21.0,1.37,21.0,1.37
6,13,23.0,1.5,23.0,1.5
6,14,18.0,1.17,16.0,1.04
6,15,17.0,1.11,21.0,1.37
6,16,22.0,1.43,19.0,1.24
6,17,17.0,1.11,18.0,1.17
6,18,13.0,0.85,15.0,0.98
6,19,21.0,1.37,21.0,1.37
6,20,15.0,0.98,12.0,0.78
6,21,15.0,0.98,10.0,0.65
6,22,10.0,0.65,14.0,0.91
6,23,9.0,0.59,5.0,0.33
6,24,8.0,0.52,8.0,0.52
6,25,5.0,0.33,4.0,0.26
6,26,4.0,0.26,7.0,0.46
6,27,4.0,0.26,5.0,0.33
6,28,5.0,0.33,2.0,0.13
6,29,3.0,0.2,3.0,0.2
6,30,3.0,0.2,1.0,0.07
6,31,1.0,0.07,1.0,0.07
6,38,1.0,0.07,1.0,0.07
6,39,0.0,0.0,1.0,0.07
6,41,2.0,0.13,1.0,0.07
7,0,3263.0,60.0,3524.0,64.8
7,1,322.0,5.92,115.0,2.11
7,2,162.0,2.98,136.0,2.5
7,3,135.0,2.48,122.0,2.24
7,4,98.0,1.8,103.0,1.89
7,5,90.0,1.66,97.0,1.78
7,6,125.0,2.3,129.0,2.37
7,7,99.0,1.82,88.0,1.62
7,8,88.0,1.62,83.0,1.53
7,9,114.0,2.1,127.0,2.34
7,10,72.0,1.32,71.0,1.31
7,11,74.0,1.36,73.0,1.34
7,12,64.0,1.18,59.0,1.08
7,13,56.0,1.03,68.0,1.25
7,14,54.0,0.99,41.0,0.75
7,15,46.0,0.85,51.0,0.94
7,16,54.0,0.99,53.0,0.97
7,17,46.0,0.85,50.0,0.92
7,18,60.0,1.1,59.0,1.08
7,19,53.0,0.97,53.0,0.97
7,20,31.0,0.57,29.0,0.53
7,21,37.0,0.68,40.0,0.74
7,22,34.0,0.63,34.0,0.63
7,23,41.0,0.75,36.0,0.66
7,24,33.0,0.61,30.0,0.55
7,25,30.0,0.55,22.0,0.4
7,26,17.0,0.31,14.0,0.26
7,27,17.0,0.31,19.0,0.35
7,28,15.0,0.28,19.0,0.35
7,29,17.0,0.31,18.0,0.33
7,30,18.0,0.33,10.0,0.18
7,31,14.0,0.26,17.0,0.31
7,32,17.0,0.31,16.0,0.29
7,33,9.0,0.17,11.0,0.2
7,34,12.0,0.22,7.0,0.13
7,35,4.0,0.07,4.0,0.07
7,36,9.0,0.17,4.0,0.07
7,37,2.0,0.04,2.0,0.04
7,38,2.0,0.04,3.0,0.06
7,39,3.0,0.06,1.0,0.02
7,40,1.0,0.02,0.0,0.0
8,0,3239.0,56.99,3873.0,68.15
8,1,613.0,10.79,156.0,2.75
8,2,286.0,5.03,181.0,3.18
8,3,142.0,2.5,124.0,2.18
8,4,117.0,2.06,108.0,1.9
8,5,101.0,1.78,90.0,1.58
8,6,72.0,1.27,78.0,1.37
8,7,63.0,1.11,55.0,0.97
8,8,58.0,1.02,60.0,1.06
8,9,60.0,1.06,50.0,0.88
8,10,45.0,0.79,54.0,0.95
8,11,46.0,0.81,45.0,0.79
8,12,53.0,0.93,49.0,0.86
8,13,67.0,1.18,66.0,1.16
8,14,54.0,0.95,57.0,1.0
8,15,78.0,1.37,80.0,1.41
8,16,46.0,0.81,40.0,0.7
8,17,45.0,0.79,43.0,0.76
8,18,35.0,0.62,34.0,0.6
8,19,25.0,0.44,23.0,0.4
8,20,31.0,0.55,40.0,0.7
8,21,31.0,0.55,28.0,0.49
8,22,28.0,0.49,25.0,0.44
8,23,29.0,0.51,22.0,0.39
8,24,30.0,0.53,28.0,0.49
8,25,21.0,0.37,19.0,0.33
8,26,19.0,0.33,29.0,0.51
8,27,22.0,0.39,17.0,0.3
8,28,20.0,0.35,23.0,0.4
8,29,18.0,0.32,25.0,0.44
8,30,19.0,0.33,18.0,0.32
8,31,20.0,0.35,17.0,0.3
8,32,19.0,0.33,18.0,0.32
8,33,22.0,0.39,10.0,0.18
8,34,15.0,0.26,15.0,0.26
8,35,12.0,0.21,11.0,0.19
8,36,9.0,0.16,13.0,0.23
8,37,9.0,0.16,12.0,0.21
8,38,14.0,0.25,13.0,0.23
8,39,12.0,0.21,7.0,0.12
8,40,10.0,0.18,4.0,0.07
8,41,7.0,0.12,6.0,0.11
8,42,4.0,0.07,4.0,0.07
8,43,4.0,0.07,3.0,0.05
8,44,1.0,0.02,3.0,0.05
8,45,3.0,0.05,2.0,0.04
8,46,1.0,0.02,0.0,0.0
8,47,1.0,0.02,1.0,0.02
8,48,3.0,0.05,1.0,0.02
8,49,2.0,0.04,3.0,0.05
8,51,2.0,0.04,0.0,0.0
9,0,1167.0,57.69,1414.0,69.9
9,1,226.0,11.17,57.0,2.82
9,2,89.0,4.4,47.0,2.32
9,3,48.0,2.37,35.0,1.73
9,4,46.0,2.27,32.0,1.58
9,5,19.0,0.94,24.0,1.19
9,6,40.0,1.98,39.0,1.93
9,7,22.0,1.09,19.0,0.94
9,8,23.0,1.14,25.0,1.24
9,9,17.0,0.84,21.0,1.04
9,10,27.0,1.33,21.0,1.04
9,11,15.0,0.74,17.0,0.84
9,12,13.0,0.64,14.0,0.69
9,13,18.0,0.89,12.0,0.59
9,14,9.0,0.44,10.0,0.49
9,15,12.0,0.59,13.0,0.64
9,16,13.0,0.64,9.0,0.44
9,17,11.0,0.54,17.0,0.84
9,18,10.0,0.49,5.0,0.25
9,19,10.0,0.49,15.0,0.74
9,20,18.0,0.89,20.0,0.99
9,21,11.0,0.54,8.0,0.4
9,22,9.0,0.44,11.0,0.54
9,23,9.0,0.44,8.0,0.4
9,24,9.0,0.44,7.0,0.35
9,25,6.0,0.3,8.0,0.4
9,26,12.0,0.59,7.0,0.35
9,27,5.0,0.25,5.0,0.25
9,28,8.0,0.4,10.0,0.49
9,29,5.0,0.25,5.0,0.25
9,30,10.0,0.49,6.0,0.3
9,31,3.0,0.15,3.0,0.15
9,32,2.0,0.1,3.0,0.15
9,33,7.0,0.35,10.0,0.49
9,34,7.0,0.35,6.0,0.3
9,35,6.0,0.3,5.0,0.25
9,36,3.0,0.15,6.0,0.3
9,37,6.0,0.3,9.0,0.44
9,38,11.0,0.54,4.0,0.2
9,39,5.0,0.25,9.0,0.44
9,40,7.0,0.35,3.0,0.15
9,41,2.0,0.1,1.0,0.05
9,42,5.0,0.25,5.0,0.25
9,43,2.0,0.1,3.0,0.15
9,44,5.0,0.25,3.0,0.15
9,45,2.0,0.1,1.0,0.05
9,46,0.0,0.0,1.0,0.05
9,47,2.0,0.1,0.0,0.0
9,48,2.0,0.1,1.0,0.05
9,49,0.0,0.0,1.0,0.05
9,50,1.0,0.05,2.0,0.1
9,51,1.0,0.05,1.0,0.05
9,53,2.0,0.1,2.0,0.1
9,54,1.0,0.05,1.0,0.05
9,55,1.0,0.05,1.0,0.05
9,58,3.0,0.15,1.0,0.05
10,0,5276.0,54.04,6577.0,67.37
10,1,1223.0,12.53,420.0,4.3
10,2,576.0,5.9,316.0,3.24
10,3,295.0,3.02,196.0,2.01
10,4,191.0,1.96,159.0,1.63
10,5,139.0,1.42,123.0,1.26
10,6,120.0,1.23,99.0,1.01
10,7,99.0,1.01,81.0,0.83
10,8,72.0,0.74,64.0,0.66
10,9,67.0,0.69,65.0,0.67
10,10,62.0,0.64,58.0,0.59
10,11,58.0,0.59,61.0,0.62
10,12,54.0,0.55,55.0,0.56
10,13,62.0,0.64,68.0,0.7
10,14,54.0,0.55,52.0,0.53
10,15,64.0,0.66,52.0,0.53
10,16,58.0,0.59,60.0,0.61
10,17,65.0,0.67,60.0,0.61
10,18,46.0,0.47,50.0,0.51
10,19,46.0,0.47,40.0,0.41
10,20,55.0,0.56,64.0,0.66
10,21,53.0,0.54,45.0,0.46
10,22,43.0,0.44,45.0,0.46
10,23,56.0,0.57,53.0,0.54
10,24,35.0,0.36,53.0,0.54
10,25,53.0,0.54,57.0,0.58
10,26,44.0,0.45,42.0,0.43
10,27,54.0,0.55,44.0,0.45
10,28,41.0,0.42,47.0,0.48
10,29,41.0,0.42,35.0,0.36
10,30,35.0,0.36,33.0,0.34
10,31,36.0,0.37,35.0,0.36
10,32,34.0,0.35,28.0,0.29
10,33,31.0,0.32,39.0,0.4
10,34,35.0,0.36,29.0,0.3
10,35,36.0,0.37,31.0,0.32
10,36,29.0,0.3,36.0,0.37
10,37,33.0,0.34,34.0,0.35
10,38,21.0,0.22,22.0,0.23
10,39,35.0,0.36,25.0,0.26
10,40,15.0,0.15,16.0,0.16
10,41,21.0,0.22,24.0,0.25
10,42,22.0,0.23,21.0,0.22
10,43,24.0,0.25,23.0,0.24
10,44,20.0,0.2,24.0,0.25
10,45,30.0,0.31,29.0,0.3
10,46,20.0,0.2,15.0,0.15
10,47,31.0,0.32,28.0,0.29
10,48,15.0,0.15,20.0,0.2
10,49,20.0,0.2,15.0,0.15
10,50,16.0,0.16,12.0,0.12
10,51,10.0,0.1,14.0,0.14
10,52,10.0,0.1,11.0,0.11
10,53,13.0,0.13,7.0,0.07
10,54,12.0,0.12,12.0,0.12
10,55,12.0,0.12,11.0,0.11
10,56,10.0,0.1,9.0,0.09
10,57,10.0,0.1,3.0,0.03
10,58,6.0,0.06,3.0,0.03
10,59,5.0,0.05,2.0,0.02
10,60,1.0,0.01,0.0,0.0
10,61,2.0,0.02,1.0,0.01
10,62,1.0,0.01,2.0,0.02
10,63,1.0,0.01,0.0,0.0
10,64,1.0,0.01,0.0,0.0
10,66,1.0,0.01,1.0,0.01
10,69,1.0,0.01,1.0,0.01
10,70,1.0,0.01,1.0,0.01
10,71,1.0,0.01,1.0,0.01
10,72,1.0,0.01,1.0,0.01
10,76,0.0,0.0,1.0,0.01
10,78,1.0,0.01,0.0,0.0
10,92,0.0,0.0,2.0,0.02
10,100,2.0,0.02,0.0,0.0
11,0,2352.0,47.86,2930.0,59.63
11,1,482.0,9.81,204.0,4.15
11,2,365.0,7.43,243.0,4.95
11,3,213.0,4.33,140.0,2.85
11,4,128.0,2.6,118.0,2.4
11,5,131.0,2.67,126.0,2.56
11,6,122.0,2.48,96.0,1.95
11,7,83.0,1.69,70.0,1.42
11,8,79.0,1.61,82.0,1.67
11,9,90.0,1.83,78.0,1.59
11,10,75.0,1.53,52.0,1.06
11,11,41.0,0.83,33.0,0.67
11,12,29.0,0.59,36.0,0.73
11,13,37.0,0.75,38.0,0.77
11,14,30.0,0.61,25.0,0.51
11,15,18.0,0.37,22.0,0.45
11,16,32.0,0.65,28.0,0.57
11,17,19.0,0.39,16.0,0.33
11,18,14.0,0.28,20.0,0.41
11,19,22.0,0.45,25.0,0.51
11,20,28.0,0.57,24.0,0.49
11,21,16.0,0.33,9.0,0.18
11,22,14.0,0.28,15.0,0.31
11,23,16.0,0.33,17.0,0.35
11,24,16.0,0.33,13.0,0.26
11,25,14.0,0.28,15.0,0.31
11,26,16.0,0.33,15.0,0.31
11,27,19.0,0.39,20.0,0.41
11,28,9.0,0.18,11.0,0.22
11,29,15.0,0.31,14.0,0.28
11,30,11.0,0.22,20.0,0.41
11,31,18.0,0.37,17.0,0.35
11,32,19.0,0.39,10.0,0.2
11,33,8.0,0.16,8.0,0.16
11,34,9.0,0.18,11.0,0.22
11,35,15.0,0.31,13.0,0.26
11,36,6.0,0.12,4.0,0.08
11,37,10.0,0.2,9.0,0.18
11,38,5.0,0.1,7.0,0.14
11,39,7.0,0.14,9.0,0.18
11,40,7.0,0.14,7.0,0.14
11,41,10.0,0.2,5.0,0.1
11,42,8.0,0.16,9.0,0.18
11,43,4.0,0.08,8.0,0.16
11,44,9.0,0.18,11.0,0.22
11,45,6.0,0.12,5.0,0.1
11,46,9.0,0.18,10.0,0.2
11,47,10.0,0.2,16.0,0.33
11,48,9.0,0.18,7.0,0.14
11,49,10.0,0.2,14.0,0.28
11,50,11.0,0.22,11.0,0.22
11,51,12.0,0.24,7.0,0.14
11,52,3.0,0.06,10.0,0.2
11,53,14.0,0.28,13.0,0.26
11,54,10.0,0.2,10.0,0.2
11,55,9.0,0.18,11.0,0.22
11,56,15.0,0.31,14.0,0.28
11,57,6.0,0.12,7.0,0.14
11,58,8.0,0.16,8.0,0.16
11,59,9.0,0.18,3.0,0.06
11,60,6.0,0.12,7.0,0.14
11,61,7.0,0.14,8.0,0.16
11,62,11.0,0.22,8.0,0.16
11,63,5.0,0.1,6.0,0.12
11,64,10.0,0.2,4.0,0.08
11,65,5.0,0.1,9.0,0.18
11,66,4.0,0.08,4.0,0.08
11,67,9.0,0.18,8.0,0.16
11,68,4.0,0.08,3.0,0.06
11,69,8.0,0.16,6.0,0.12
11,70,11.0,0.22,6.0,0.12
11,71,2.0,0.04,5.0,0.1
11,72,4.0,0.08,5.0,0.1
11,73,2.0,0.04,2.0,0.04
11,74,3.0,0.06,1.0,0.02
11,75,4.0,0.08,0.0,0.0
11,76,3.0,0.06,0.0,0.0
11,78,0.0,0.0,1.0,0.02
11,79,1.0,0.02,0.0,0.0
11,81,1.0,0.02,0.0,0.0
11,83,0.0,0.0,1.0,0.02
11,84,1.0,0.02,0.0,0.0
11,85,0.0,0.0,1.0,0.02
11,86,1.0,0.02,0.0,0.0
12,0,6624.0,45.77,8586.0,59.33
12,1,1640.0,11.33,638.0,4.41
12,2,930.0,6.43,488.0,3.37
12,3,615.0,4.25,469.0,3.24
12,4,373.0,2.58,289.0,2.0
12,5,319.0,2.2,230.0,1.59
12,6,267.0,1.85,257.0,1.78
12,7,188.0,1.3,148.0,1.02
12,8,201.0,1.39,213.0,1.47
12,9,166.0,1.15,130.0,0.9
12,10,182.0,1.26,156.0,1.08
12,11,126.0,0.87,100.0,0.69
12,12,113.0,0.78,112.0,0.77
12,13,97.0,0.67,98.0,0.68
12,14,91.0,0.63,99.0,0.68
12,15,104.0,0.72,99.0,0.68
12,16,97.0,0.67,90.0,0.62
12,17,89.0,0.62,88.0,0.61
12,18,91.0,0.63,83.0,0.57
12,19,69.0,0.48,73.0,0.5
12,20,84.0,0.58,79.0,0.55
12,21,63.0,0.44,57.0,0.39
12,22,54.0,0.37,60.0,0.41
12,23,62.0,0.43,60.0,0.41
12,24,50.0,0.35,66.0,0.46
12,25,69.0,0.48,65.0,0.45
12,26,53.0,0.37,48.0,0.33
12,27,63.0,0.44,46.0,0.32
12,28,43.0,0.3,57.0,0.39
12,29,54.0,0.37,54.0,0.37
12,30,55.0,0.38,54.0,0.37
12,31,55.0,0.38,54.0,0.37
12,32,60.0,0.41,51.0,0.35
12,33,38.0,0.26,53.0,0.37
12,34,62.0,0.43,56.0,0.39
12,35,46.0,0.32,48.0,0.33
12,36,50.0,0.35,49.0,0.34
12,37,44.0,0.3,47.0,0.32
12,38,56.0,0.39,47.0,0.32
12,39,41.0,0.28,45.0,0.31
12,40,44.0,0.3,51.0,0.35
12,41,47.0,0.32,41.0,0.28
12,42,43.0,0.3,42.0,0.29
12,43,43.0,0.3,39.0,0.27
12,44,38.0,0.26,33.0,0.23
12,45,24.0,0.17,15.0,0.1
12,46,35.0,0.24,33.0,0.23
12,47,26.0,0.18,30.0,0.21
12,48,29.0,0.2,37.0,0.26
12,49,24.0,0.17,25.0,0.17
12,50,35.0,0.24,39.0,0.27
12,51,35.0,0.24,26.0,0.18
12,52,34.0,0.23,21.0,0.15
12,53,27.0,0.19,26.0,0.18
12,54,12.0,0.08,14.0,0.1
12,55,20.0,0.14,19.0,0.13
12,56,22.0,0.15,23.0,0.16
12,57,11.0,0.08,19.0,0.13
12,58,24.0,0.17,11.0,0.08
12,59,20.0,0.14,21.0,0.15
12,60,8.0,0.06,15.0,0.1
12,61,22.0,0.15,17.0,0.12
12,62,19.0,0.13,25.0,0.17
12,63,8.0,0.06,11.0,0.08
12,64,14.0,0.1,14.0,0.1
12,65,13.0,0.09,15.0,0.1
12,66,11.0,0.08,18.0,0.12
12,67,21.0,0.15,11.0,0.08
12,68,12.0,0.08,10.0,0.07
12,69,12.0,0.08,9.0,0.06
12,70,22.0,0.15,23.0,0.16
12,71,10.0,0.07,6.0,0.04
12,72,16.0,0.11,6.0,0.04
12,73,13.0,0.09,12.0,0.08
12,74,11.0,0.08,10.0,0.07
12,75,11.0,0.08,14.0,0.1
12,76,8.0,0.06,8.0,0.06
12,77,6.0,0.04,9.0,0.06
12,78,8.0,0.06,7.0,0.05
12,79,10.0,0.07,7.0,0.05
12,80,12.0,0.08,5.0,0.03
12,81,8.0,0.06,5.0,0.03
12,82,7.0,0.05,6.0,0.04
12,83,6.0,0.04,9.0,0.06
12,84,7.0,0.05,8.0,0.06
12,85,10.0,0.07,5.0,0.03
12,86,4.0,0.03,3.0,0.02
12,87,5.0,0.03,5.0,0.03
12,88,4.0,0.03,7.0,0.05
12,89,4.0,0.03,6.0,0.04
12,90,5.0,0.03,3.0,0.02
12,91,6.0,0.04,4.0,0.03
12,92,4.0,0.03,1.0,0.01
12,93,4.0,0.03,5.0,0.03
12,94,3.0,0.02,1.0,0.01
12,95,5.0,0.03,3.0,0.02
12,96,0.0,0.0,2.0,0.01
12,97,2.0,0.01,7.0,0.05
12,98,4.0,0.03,1.0,0.01
12,99,2.0,0.01,1.0,0.01
12,100,3.0,0.02,1.0,0.01
12,101,3.0,0.02,1.0,0.01
12,102,2.0,0.01,5.0,0.03
12,103,3.0,0.02,1.0,0.01
12,104,3.0,0.02,1.0,0.01
12,105,0.0,0.0,2.0,0.01
12,107,0.0,0.0,1.0,0.01
12,108,0.0,0.0,2.0,0.01
12,109,2.0,0.01,2.0,0.01
12,110,4.0,0.03,0.0,0.0
12,111,1.0,0.01,0.0,0.0
12,112,1.0,0.01,1.0,0.01
12,113,0.0,0.0,2.0,0.01
12,114,1.0,0.01,1.0,0.01
12,115,3.0,0.02,1.0,0.01
12,116,1.0,0.01,0.0,0.0
12,117,0.0,0.0,1.0,0.01
12,120,2.0,0.01,1.0,0.01
12,122,1.0,0.01,2.0,0.01
12,123,2.0,0.01,0.0,0.0
12,125,1.0,0.01,1.0,0.01
12,128,0.0,0.0,1.0,0.01
12,129,1.0,0.01,0.0,0.0
12,137,0.0,0.0,1.0,0.01
12,138,0.0,0.0,1.0,0.01
12,140,1.0,0.01,0.0,0.0
12,141,1.0,0.01,0.0,0.0
12,175,0.0,0.0,1.0,0.01
12,177,1.0,0.01,0.0,0.0
13,0,1522.0,37.68,2165.0,53.6
13,1,477.0,11.81,212.0,5.25
13,2,342.0,8.47,198.0,4.9
13,3,186.0,4.61,114.0,2.82
13,4,150.0,3.71,110.0,2.72
13,5,110.0,2.72,86.0,2.13
13,6,80.0,1.98,71.0,1.76
13,7,80.0,1.98,56.0,1.39
13,8,51.0,1.26,45.0,1.11
13,9,57.0,1.41,44.0,1.09
13,10,43.0,1.06,35.0,0.87
13,11,36.0,0.89,27.0,0.67
13,12,35.0,0.87,33.0,0.82
13,13,22.0,0.54,32.0,0.79
13,14,33.0,0.82,23.0,0.57
13,15,37.0,0.92,28.0,0.69
13,16,20.0,0.5,23.0,0.57
13,17,15.0,0.37,13.0,0.32
13,18,18.0,0.45,15.0,0.37
13,19,19.0,0.47,17.0,0.42
13,20,18.0,0.45,14.0,0.35
13,21,17.0,0.42,24.0,0.59
13,22,13.0,0.32,11.0,0.27
13,23,17.0,0.42,12.0,0.3
13,24,8.0,0.2,14.0,0.35
13,25,19.0,0.47,15.0,0.37
13,26,13.0,0.32,17.0,0.42
13,27,16.0,0.4,14.0,0.35
13,28,20.0,0.5,19.0,0.47
13,29,15.0,0.37,24.0,0.59
13,30,20.0,0.5,19.0,0.47
13,31,17.0,0.42,13.0,0.32
13,32,21.0,0.52,17.0,0.42
13,33,17.0,0.42,28.0,0.69
13,34,21.0,0.52,12.0,0.3
13,35,18.0,0.45,18.0,0.45
13,36,14.0,0.35,15.0,0.37
13,37,11.0,0.27,17.0,0.42
13,38,21.0,0.52,22.0,0.54
13,39,17.0,0.42,15.0,0.37
13,40,17.0,0.42,8.0,0.2
13,41,7.0,0.17,8.0,0.2
13,42,11.0,0.27,11.0,0.27
13,43,11.0,0.27,19.0,0.47
13,44,18.0,0.45,16.0,0.4
13,45,11.0,0.27,10.0,0.25
13,46,13.0,0.32,13.0,0.32
13,47,10.0,0.25,6.0,0.15
13,48,15.0,0.37,13.0,0.32
13,49,9.0,0.22,11.0,0.27
13,50,8.0,0.2,12.0,0.3
13,51,10.0,0.25,7.0,0.17
13,52,9.0,0.22,10.0,0.25
13,53,9.0,0.22,9.0,0.22
13,54,12.0,0.3,18.0,0.45
13,55,11.0,0.27,10.0,0.25
13,56,15.0,0.37,6.0,0.15
13,57,8.0,0.2,8.0,0.2
13,58,9.0,0.22,9.0,0.22
13,59,8.0,0.2,10.0,0.25
13,60,7.0,0.17,7.0,0.17
13,61,6.0,0.15,8.0,0.2
13,62,7.0,0.17,5.0,0.12
13,63,6.0,0.15,6.0,0.15
13,64,6.0,0.15,2.0,0.05
13,65,6.0,0.15,4.0,0.1
13,66,3.0,0.07,3.0,0.07
13,67,2.0,0.05,2.0,0.05
13,68,5.0,0.12,4.0,0.1
13,69,2.0,0.05,6.0,0.15
13,70,5.0,0.12,3.0,0.07
13,71,5.0,0.12,5.0,0.12
13,72,5.0,0.12,4.0,0.1
13,73,4.0,0.1,6.0,0.15
13,74,8.0,0.2,6.0,0.15
13,75,5.0,0.12,3.0,0.07
13,76,2.0,0.05,2.0,0.05
13,77,3.0,0.07,4.0,0.1
13,78,2.0,0.05,1.0,0.02
13,79,1.0,0.02,1.0,0.02
13,80,3.0,0.07,6.0,0.15
13,81,3.0,0.07,1.0,0.02
13,82,1.0,0.02,3.0,0.07
13,83,4.0,0.1,3.0,0.07
13,84,3.0,0.07,1.0,0.02
13,85,5.0,0.12,1.0,0.02
13,86,2.0,0.05,5.0,0.12
13,87,3.0,0.07,5.0,0.12
13,88,3.0,0.07,1.0,0.02
13,89,1.0,0.02,1.0,0.02
13,90,3.0,0.07,0.0,0.0
13,91,1.0,0.02,1.0,0.02
13,92,1.0,0.02,1.0,0.02
13,93,1.0,0.02,1.0,0.02
13,95,1.0,0.02,0.0,0.0
13,96,0.0,0.0,1.0,0.02
13,97,0.0,0.0,2.0,0.05
13,98,0.0,0.0,1.0,0.02
13,99,0.0,0.0,1.0,0.02
13,100,3.0,0.07,3.0,0.07
13,101,1.0,0.02,0.0,0.0
13,102,1.0,0.02,1.0,0.02
13,103,2.0,0.05,0.0,0.0
13,104,1.0,0.02,1.0,0.02
13,105,1.0,0.02,1.0,0.02
13,106,1.0,0.02,0.0,0.0
13,107,1.0,0.02,1.0,0.02
13,108,1.0,0.02,2.0,0.05
13,109,1.0,0.02,2.0,0.05
13,110,1.0,0.02,0.0,0.0
13,111,1.0,0.02,2.0,0.05
13,112,1.0,0.02,0.0,0.0
13,115,2.0,0.05,0.0,0.0
13,117,1.0,0.02,0.0,0.0
13,118,0.0,0.0,2.0,0.05
13,121,1.0,0.02,0.0,0.0
13,123,1.0,0.02,0.0,0.0
13,126,0.0,0.0,1.0,0.02
13,130,1.0,0.02,0.0,0.0
13,133,0.0,0.0,1.0,0.02
13,134,1.0,0.02,0.0,0.0
13,136,0.0,0.0,1.0,0.02
13,138,1.0,0.02,0.0,0.0
13,140,0.0,0.0,1.0,0.02
13,147,1.0,0.02,0.0,0.0
13,186,0.0,0.0,1.0,0.02
13,190,1.0,0.02,0.0,0.0
13,197,0.0,0.0,1.0,0.02
13,201,1.0,0.02,0.0,0.0
14,0,5079.0,47.53,6355.0,59.46
14,1,1236.0,11.57,648.0,6.06
14,2,693.0,6.48,482.0,4.51
14,3,416.0,3.89,269.0,2.52
14,4,331.0,3.1,254.0,2.38
14,5,210.0,1.97,168.0,1.57
14,6,196.0,1.83,169.0,1.58
14,7,156.0,1.46,146.0,1.37
14,8,122.0,1.14,97.0,0.91
14,9,106.0,0.99,103.0,0.96
14,10,105.0,0.98,95.0,0.89
14,11,81.0,0.76,71.0,0.66
14,12,88.0,0.82,69.0,0.65
14,13,79.0,0.74,47.0,0.44
14,14,51.0,0.48,30.0,0.28
14,15,49.0,0.46,48.0,0.45
14,16,34.0,0.32,23.0,0.22
14,17,22.0,0.21,23.0,0.22
14,18,30.0,0.28,25.0,0.23
14,19,30.0,0.28,32.0,0.3
14,20,24.0,0.22,22.0,0.21
14,21,30.0,0.28,14.0,0.13
14,22,30.0,0.28,26.0,0.24
14,23,25.0,0.23,36.0,0.34
14,24,31.0,0.29,25.0,0.23
14,25,19.0,0.18,20.0,0.19
14,26,16.0,0.15,27.0,0.25
14,27,23.0,0.22,24.0,0.22
14,28,26.0,0.24,28.0,0.26
14,29,30.0,0.28,34.0,0.32
14,30,27.0,0.25,17.0,0.16
14,31,17.0,0.16,19.0,0.18
14,32,23.0,0.22,22.0,0.21
14,33,35.0,0.33,30.0,0.28
14,34,23.0,0.22,20.0,0.19
14,35,23.0,0.22,31.0,0.29
14,36,22.0,0.21,23.0,0.22
14,37,16.0,0.15,13.0,0.12
14,38,22.0,0.21,18.0,0.17
14,39,20.0,0.19,18.0,0.17
14,40,23.0,0.22,22.0,0.21
14,41,17.0,0.16,26.0,0.24
14,42,23.0,0.22,20.0,0.19
14,43,14.0,0.13,14.0,0.13
14,44,19.0,0.18,23.0,0.22
14,45,21.0,0.2,17.0,0.16
14,46,18.0,0.17,27.0,0.25
14,47,25.0,0.23,19.0,0.18
14,48,14.0,0.13,17.0,0.16
14,49,18.0,0.17,19.0,0.18
14,50,24.0,0.22,20.0,0.19
14,51,15.0,0.14,20.0,0.19
14,52,21.0,0.2,19.0,0.18
14,53,22.0,0.21,28.0,0.26
14,54,24.0,0.22,16.0,0.15
14,55,19.0,0.18,17.0,0.16
14,56,19.0,0.18,26.0,0.24
14,57,26.0,0.24,19.0,0.18
14,58,22.0,0.21,17.0,0.16
14,59,15.0,0.14,18.0,0.17
14,60,21.0,0.2,23.0,0.22
14,61,17.0,0.16,13.0,0.12
14,62,11.0,0.1,18.0,0.17
14,63,12.0,0.11,14.0,0.13
14,64,16.0,0.15,13.0,0.12
14,65,13.0,0.12,15.0,0.14
14,66,16.0,0.15,14.0,0.13
14,67,23.0,0.22,23.0,0.22
14,68,20.0,0.19,7.0,0.07
14,69,10.0,0.09,14.0,0.13
14,70,12.0,0.11,9.0,0.08
14,71,12.0,0.11,13.0,0.12
14,72,13.0,0.12,19.0,0.18
14,73,10.0,0.09,17.0,0.16
14,74,16.0,0.15,15.0,0.14
14,75,10.0,0.09,18.0,0.17
14,76,20.0,0.19,14.0,0.13
14,77,14.0,0.13,13.0,0.12
14,78,20.0,0.19,13.0,0.12
14,79,15.0,0.14,9.0,0.08
14,80,16.0,0.15,15.0,0.14
14,81,14.0,0.13,7.0,0.07
14,82,8.0,0.07,8.0,0.07
14,83,10.0,0.09,8.0,0.07
14,84,5.0,0.05,12.0,0.11
14,85,7.0,0.07,8.0,0.07
14,86,14.0,0.13,5.0,0.05
14,87,5.0,0.05,13.0,0.12
14,88,10.0,0.09,15.0,0.14
14,89,6.0,0.06,7.0,0.07
14,90,11.0,0.1,11.0,0.1
14,91,10.0,0.09,9.0,0.08
14,92,15.0,0.14,9.0,0.08
14,93,5.0,0.05,12.0,0.11
14,94,10.0,0.09,2.0,0.02
14,95,9.0,0.08,12.0,0.11
14,96,7.0,0.07,6.0,0.06
14,97,6.0,0.06,5.0,0.05
14,98,8.0,0.07,12.0,0.11
14,99,12.0,0.11,6.0,0.06
14,100,6.0,0.06,12.0,0.11
14,101,7.0,0.07,3.0,0.03
14,102,9.0,0.08,6.0,0.06
14,103,7.0,0.07,6.0,0.06
14,104,9.0,0.08,9.0,0.08
14,105,10.0,0.09,6.0,0.06
14,106,4.0,0.04,3.0,0.03
14,107,5.0,0.05,3.0,0.03
14,108,4.0,0.04,4.0,0.04
14,109,3.0,0.03,3.0,0.03
14,110,3.0,0.03,7.0,0.07
14,111,2.0,0.02,5.0,0.05
14,112,6.0,0.06,2.0,0.02
14,113,4.0,0.04,4.0,0.04
14,114,2.0,0.02,2.0,0.02
14,115,5.0,0.05,5.0,0.05
14,116,4.0,0.04,3.0,0.03
14,117,1.0,0.01,5.0,0.05
14,118,4.0,0.04,1.0,0.01
14,119,6.0,0.06,4.0,0.04
14,120,3.0,0.03,1.0,0.01
14,121,2.0,0.02,4.0,0.04
14,122,3.0,0.03,2.0,0.02
14,123,1.0,0.01,1.0,0.01
14,124,1.0,0.01,2.0,0.02
14,125,1.0,0.01,1.0,0.01
14,126,1.0,0.01,1.0,0.01
14,127,4.0,0.04,2.0,0.02
14,128,4.0,0.04,5.0,0.05
14,129,3.0,0.03,2.0,0.02
14,130,3.0,0.03,4.0,0.04
14,131,1.0,0.01,2.0,0.02
14,132,3.0,0.03,1.0,0.01
14,133,3.0,0.03,2.0,0.02
14,134,1.0,0.01,1.0,0.01
14,135,1.0,0.01,3.0,0.03
14,136,2.0,0.02,4.0,0.04
14,138,3.0,0.03,3.0,0.03
14,139,5.0,0.05,1.0,0.01
14,140,2.0,0.02,1.0,0.01
14,141,1.0,0.01,2.0,0.02
14,142,0.0,0.0,3.0,0.03
14,143,2.0,0.02,3.0,0.03
14,144,5.0,0.05,0.0,0.0
14,145,1.0,0.01,2.0,0.02
14,146,3.0,0.03,1.0,0.01
14,148,1.0,0.01,0.0,0.0
14,150,1.0,0.01,1.0,0.01
14,151,0.0,0.0,1.0,0.01
14,152,2.0,0.02,2.0,0.02
14,153,1.0,0.01,2.0,0.02
14,154,2.0,0.02,2.0,0.02
14,155,1.0,0.01,2.0,0.02
14,156,1.0,0.01,0.0,0.0
14,158,3.0,0.03,2.0,0.02
14,159,2.0,0.02,0.0,0.0
14,162,1.0,0.01,1.0,0.01
14,164,1.0,0.01,1.0,0.01
14,165,1.0,0.01,2.0,0.02
14,166,1.0,0.01,1.0,0.01
14,168,1.0,0.01,2.0,0.02
14,169,1.0,0.01,0.0,0.0
14,170,1.0,0.01,3.0,0.03
14,171,0.0,0.0,1.0,0.01
14,172,4.0,0.04,0.0,0.0
14,173,1.0,0.01,0.0,0.0
14,178,1.0,0.01,1.0,0.01
14,180,0.0,0.0,1.0,0.01
14,181,1.0,0.01,1.0,0.01
14,182,1.0,0.01,0.0,0.0
14,186,0.0,0.0,1.0,0.01
14,187,2.0,0.02,1.0,0.01
14,190,1.0,0.01,1.0,0.01
14,191,0.0,0.0,1.0,0.01
14,192,0.0,0.0,1.0,0.01
14,195,1.0,0.01,2.0,0.02
14,197,2.0,0.02,1.0,0.01
14,198,1.0,0.01,0.0,0.0
14,202,1.0,0.01,1.0,0.01
14,204,1.0,0.01,0.0,0.0
14,205,0.0,0.0,2.0,0.02
14,212,1.0,0.01,0.0,0.0
14,215,2.0,0.02,0.0,0.0
14,226,0.0,0.0,1.0,0.01
14,227,1.0,0.01,0.0,0.0
14,449,0.0,0.0,1.0,0.01
14,468,1.0,0.01,0.0,0.0
15,0,894.0,35.1,1166.0,45.78
15,1,257.0,10.09,163.0,6.4
15,2,196.0,7.7,166.0,6.52
15,3,140.0,5.5,101.0,3.97
15,4,123.0,4.83,97.0,3.81
15,5,69.0,2.71,55.0,2.16
15,6,63.0,2.47,52.0,2.04
15,7,47.0,1.85,39.0,1.53
15,8,33.0,1.3,29.0,1.14
15,9,41.0,1.61,43.0,1.69
15,10,33.0,1.3,31.0,1.22
15,11,41.0,1.61,37.0,1.45
15,12,37.0,1.45,19.0,0.75
15,13,20.0,0.79,23.0,0.9
15,14,21.0,0.82,18.0,0.71
15,15,23.0,0.9,25.0,0.98
15,16,17.0,0.67,14.0,0.55
15,17,13.0,0.51,26.0,1.02
15,18,23.0,0.9,13.0,0.51
15,19,20.0,0.79,20.0,0.79
15,20,15.0,0.59,13.0,0.51
15,21,20.0,0.79,18.0,0.71
15,22,16.0,0.63,18.0,0.71
15,23,13.0,0.51,10.0,0.39
15,24,20.0,0.79,10.0,0.39
15,25,9.0,0.35,8.0,0.31
15,26,11.0,0.43,12.0,0.47
15,27,7.0,0.27,13.0,0.51
15,28,13.0,0.51,14.0,0.55
15,29,11.0,0.43,14.0,0.55
15,30,15.0,0.59,24.0,0.94
15,31,29.0,1.14,24.0,0.94
15,32,25.0,0.98,15.0,0.59
15,33,25.0,0.98,26.0,1.02
15,34,12.0,0.47,19.0,0.75
15,35,23.0,0.9,12.0,0.47
15,36,14.0,0.55,8.0,0.31
15,37,11.0,0.43,10.0,0.39
15,38,6.0,0.24,4.0,0.16
15,39,5.0,0.2,5.0,0.2
15,40,5.0,0.2,8.0,0.31
15,41,4.0,0.16,3.0,0.12
15,42,3.0,0.12,3.0,0.12
15,43,3.0,0.12,2.0,0.08
15,44,4.0,0.16,3.0,0.12
15,45,2.0,0.08,3.0,0.12
15,46,2.0,0.08,2.0,0.08
15,47,2.0,0.08,2.0,0.08
15,48,3.0,0.12,6.0,0.24
15,49,3.0,0.12,1.0,0.04
15,50,1.0,0.04,1.0,0.04
15,51,3.0,0.12,4.0,0.16
15,52,2.0,0.08,0.0,0.0
15,54,3.0,0.12,2.0,0.08
15,55,2.0,0.08,2.0,0.08
15,56,1.0,0.04,4.0,0.16
15,57,1.0,0.04,5.0,0.2
15,58,4.0,0.16,0.0,0.0
15,59,4.0,0.16,2.0,0.08
15,60,3.0,0.12,3.0,0.12
15,61,1.0,0.04,3.0,0.12
15,62,1.0,0.04,2.0,0.08
15,63,2.0,0.08,1.0,0.04
15,64,5.0,0.2,1.0,0.04
15,65,1.0,0.04,1.0,0.04
15,66,0.0,0.0,1.0,0.04
15,67,1.0,0.04,0.0,0.0
15,68,2.0,0.08,4.0,0.16
15,69,1.0,0.04,2.0,0.08
15,70,1.0,0.04,2.0,0.08
15,71,3.0,0.12,2.0,0.08
15,72,1.0,0.04,2.0,0.08
15,73,5.0,0.2,2.0,0.08
15,74,3.0,0.12,0.0,0.0
15,75,1.0,0.04,1.0,0.04
15,76,0.0,0.0,1.0,0.04
15,78,1.0,0.04,0.0,0.0
15,81,1.0,0.04,3.0,0.12
15,82,1.0,0.04,1.0,0.04
15,83,2.0,0.08,1.0,0.04
15,84,0.0,0.0,1.0,0.04
15,86,1.0,0.04,1.0,0.04
15,87,0.0,0.0,1.0,0.04
15,88,1.0,0.04,0.0,0.0
15,89,2.0,0.08,3.0,0.12
15,91,1.0,0.04,0.0,0.0
15,92,1.0,0.04,0.0,0.0
15,93,0.0,0.0,1.0,0.04
15,94,0.0,0.0,1.0,0.04
15,95,2.0,0.08,3.0,0.12
15,96,2.0,0.08,1.0,0.04
15,97,2.0,0.08,0.0,0.0
15,98,0.0,0.0,1.0,0.04
15,99,2.0,0.08,1.0,0.04
15,104,1.0,0.04,1.0,0.04
15,105,1.0,0.04,0.0,0.0
15,106,0.0,0.0,1.0,0.04
15,108,1.0,0.04,1.0,0.04
15,109,0.0,0.0,2.0,0.08
15,110,1.0,0.04,1.0,0.04
15,112,1.0,0.04,0.0,0.0
15,113,1.0,0.04,0.0,0.0
15,114,3.0,0.12,2.0,0.08
15,115,0.0,0.0,1.0,0.04
15,117,0.0,0.0,1.0,0.04
15,120,0.0,0.0,1.0,0.04
15,121,2.0,0.08,0.0,0.0
15,122,1.0,0.04,2.0,0.08
15,123,0.0,0.0,2.0,0.08
15,124,0.0,0.0,2.0,0.08
15,125,3.0,0.12,0.0,0.0
15,126,1.0,0.04,0.0,0.0
15,127,1.0,0.04,0.0,0.0
15,128,0.0,0.0,1.0,0.04
15,129,1.0,0.04,0.0,0.0
15,131,0.0,0.0,1.0,0.04
15,132,0.0,0.0,1.0,0.04
15,134,0.0,0.0,1.0,0.04
15,135,1.0,0.04,1.0,0.04
15,136,3.0,0.12,0.0,0.0
15,138,1.0,0.04,0.0,0.0
15,143,1.0,0.04,1.0,0.04
15,144,0.0,0.0,1.0,0.04
15,146,0.0,0.0,1.0,0.04
15,148,1.0,0.04,0.0,0.0
15,151,1.0,0.04,0.0,0.0
15,155,0.0,0.0,2.0,0.08
15,158,1.0,0.04,0.0,0.0
15,160,0.0,0.0,1.0,0.04
15,164,1.0,0.04,0.0,0.0
15,165,1.0,0.04,0.0,0.0
15,167,0.0,0.0,1.0,0.04
15,168,0.0,0.0,1.0,0.04
15,169,1.0,0.04,0.0,0.0
15,174,1.0,0.04,0.0,0.0
15,175,0.0,0.0,1.0,0.04
15,180,1.0,0.04,0.0,0.0
15,182,0.0,0.0,1.0,0.04
15,185,1.0,0.04,0.0,0.0
15,209,0.0,0.0,1.0,0.04
15,214,1.0,0.04,0.0,0.0
16,0,399.0,34.97,536.0,46.98
16,1,130.0,11.39,72.0,6.31
16,2,84.0,7.36,71.0,6.22
16,3,68.0,5.96,55.0,4.82
16,4,47.0,4.12,48.0,4.21
16,5,42.0,3.68,19.0,1.67
16,6,28.0,2.45,30.0,2.63
16,7,24.0,2.1,20.0,1.75
16,8,21.0,1.84,18.0,1.58
16,9,11.0,0.96,13.0,1.14
16,10,21.0,1.84,8.0,0.7
16,11,12.0,1.05,14.0,1.23
16,12,14.0,1.23,7.0,0.61
16,13,8.0,0.7,12.0,1.05
16,14,6.0,0.53,12.0,1.05
16,15,15.0,1.31,12.0,1.05
16,16,11.0,0.96,5.0,0.44
16,17,7.0,0.61,9.0,0.79
16,18,7.0,0.61,7.0,0.61
16,19,10.0,0.88,7.0,0.61
16,20,4.0,0.35,6.0,0.53
16,21,10.0,0.88,10.0,0.88
16,22,12.0,1.05,8.0,0.7
16,23,4.0,0.35,6.0,0.53
16,24,8.0,0.7,7.0,0.61
16,25,6.0,0.53,4.0,0.35
16,26,1.0,0.09,5.0,0.44
16,27,4.0,0.35,4.0,0.35
16,28,10.0,0.88,6.0,0.53
16,29,4.0,0.35,9.0,0.79
16,30,10.0,0.88,9.0,0.79
16,31,9.0,0.79,10.0,0.88
16,32,9.0,0.79,9.0,0.79
16,33,8.0,0.7,14.0,1.23
16,34,11.0,0.96,4.0,0.35
16,35,11.0,0.96,6.0,0.53
16,36,7.0,0.61,6.0,0.53
16,37,5.0,0.44,4.0,0.35
16,38,4.0,0.35,1.0,0.09
16,39,1.0,0.09,0.0,0.0
16,40,1.0,0.09,1.0,0.09
16,41,0.0,0.0,1.0,0.09
16,42,1.0,0.09,0.0,0.0
16,43,0.0,0.0,2.0,0.18
16,44,1.0,0.09,2.0,0.18
16,45,0.0,0.0,1.0,0.09
16,46,1.0,0.09,0.0,0.0
16,47,2.0,0.18,0.0,0.0
16,48,1.0,0.09,0.0,0.0
16,49,1.0,0.09,1.0,0.09
16,50,0.0,0.0,1.0,0.09
16,51,1.0,0.09,0.0,0.0
16,52,0.0,0.0,1.0,0.09
16,53,1.0,0.09,0.0,0.0
16,60,0.0,0.0,1.0,0.09
16,61,1.0,0.09,0.0,0.0
16,63,0.0,0.0,1.0,0.09
16,64,0.0,0.0,1.0,0.09
16,65,1.0,0.09,0.0,0.0
16,66,0.0,0.0,1.0,0.09
16,67,1.0,0.09,0.0,0.0
16,68,1.0,0.09,3.0,0.26
16,69,1.0,0.09,1.0,0.09
16,70,1.0,0.09,0.0,0.0
16,71,1.0,0.09,1.0,0.09
16,72,0.0,0.0,2.0,0.18
16,73,0.0,0.0,1.0,0.09
16,74,1.0,0.09,0.0,0.0
16,75,2.0,0.18,0.0,0.0
16,76,2.0,0.18,0.0,0.0
16,79,0.0,0.0,1.0,0.09
16,80,1.0,0.09,0.0,0.0
16,81,0.0,0.0,1.0,0.09
16,84,1.0,0.09,1.0,0.09
16,85,1.0,0.09,0.0,0.0
16,89,1.0,0.09,2.0,0.18
16,90,1.0,0.09,0.0,0.0
16,91,0.0,0.0,1.0,0.09
16,93,0.0,0.0,1.0,0.09
16,94,1.0,0.09,0.0,0.0
16,97,1.0,0.09,0.0,0.0
16,98,0.0,0.0,1.0,0.09
16,103,1.0,0.09,1.0,0.09
16,104,1.0,0.09,0.0,0.0
16,108,0.0,0.0,1.0,0.09
16,110,1.0,0.09,0.0,0.0
16,111,0.0,0.0,1.0,0.09
16,115,0.0,0.0,1.0,0.09
16,116,1.0,0.09,0.0,0.0
16,119,1.0,0.09,0.0,0.0
16,128,0.0,0.0,1.0,0.09
16,129,1.0,0.09,0.0,0.0
16,197,0.0,0.0,1.0,0.09
16,199,0.0,0.0,1.0,0.09
16,200,1.0,0.09,0.0,0.0
16,208,1.0,0.09,0.0,0.0
16,252,0.0,0.0,1.0,0.09
16,256,1.0,0.09,0.0,0.0
17,0,124.0,25.83,162.0,33.75
17,1,39.0,8.12,24.0,5.0
17,2,19.0,3.96,12.0,2.5
17,3,14.0,2.92,8.0,1.67
17,4,12.0,2.5,12.0,2.5
17,5,7.0,1.46,8.0,1.67
17,6,9.0,1.88,5.0,1.04
17,7,7.0,1.46,9.0,1.88
17,8,5.0,1.04,6.0,1.25
17,9,2.0,0.42,2.0,0.42
17,10,8.0,1.67,8.0,1.67
17,11,5.0,1.04,3.0,0.62
17,12,6.0,1.25,11.0,2.29
17,13,6.0,1.25,5.0,1.04
17,14,11.0,2.29,11.0,2.29
17,15,9.0,1.88,9.0,1.88
17,16,7.0,1.46,5.0,1.04
17,17,8.0,1.67,4.0,0.83
17,18,7.0,1.46,5.0,1.04
17,19,5.0,1.04,5.0,1.04
17,20,3.0,0.62,9.0,1.88
17,21,6.0,1.25,5.0,1.04
17,22,6.0,1.25,8.0,1.67
17,23,5.0,1.04,8.0,1.67
17,24,10.0,2.08,10.0,2.08
17,25,10.0,2.08,7.0,1.46
17,26,5.0,1.04,5.0,1.04
17,27,9.0,1.88,5.0,1.04
17,28,7.0,1.46,10.0,2.08
17,29,6.0,1.25,12.0,2.5
17,30,8.0,1.67,14.0,2.92
17,31,10.0,2.08,12.0,2.5
17,32,16.0,3.33,10.0,2.08
17,33,12.0,2.5,12.0,2.5
17,34,13.0,2.71,5.0,1.04
17,35,11.0,2.29,12.0,2.5
17,36,8.0,1.67,7.0,1.46
17,37,8.0,1.67,4.0,0.83
17,38,4.0,0.83,2.0,0.42
17,39,3.0,0.62,2.0,0.42
17,40,1.0,0.21,0.0,0.0
17,41,1.0,0.21,0.0,0.0
17,43,0.0,0.0,1.0,0.21
17,45,2.0,0.42,0.0,0.0
17,47,0.0,0.0,1.0,0.21
17,49,1.0,0.21,1.0,0.21
17,54,0.0,0.0,1.0,0.21
17,55,1.0,0.21,0.0,0.0
17,58,1.0,0.21,0.0,0.0
17,65,0.0,0.0,1.0,0.21
17,67,1.0,0.21,0.0,0.0
17,159,0.0,0.0,2.0,0.42
17,160,1.0,0.21,0.0,0.0
17,168,1.0,0.21,0.0,0.0
18,0,16.0,15.53,27.0,26.21
18,1,5.0,4.85,2.0,1.94
18,2,5.0,4.85,0.0,0.0
18,3,2.0,1.94,0.0,0.0
18,4,2.0,1.94,1.0,0.97
18,8,0.0,0.0,2.0,1.94
18,9,2.0,1.94,2.0,1.94
18,10,0.0,0.0,1.0,0.97
18,11,2.0,1.94,1.0,0.97
18,12,1.0,0.97,1.0,0.97
18,13,2.0,1.94,1.0,0.97
18,14,2.0,1.94,3.0,2.91
18,15,1.0,0.97,4.0,3.88
18,16,2.0,1.94,1.0,0.97
18,17,2.0,1.94,3.0,2.91
18,18,1.0,0.97,0.0,0.0
18,19,3.0,2.91,2.0,1.94
18,20,2.0,1.94,5.0,4.85
18,21,5.0,4.85,4.0,3.88
18,22,4.0,3.88,3.0,2.91
18,23,4.0,3.88,3.0,2.91
18,24,1.0,0.97,3.0,2.91
18,25,5.0,4.85,3.0,2.91
18,26,1.0,0.97,2.0,1.94
18,27,3.0,2.91,1.0,0.97
18,28,2.0,1.94,2.0,1.94
18,29,1.0,0.97,1.0,0.97
18,30,2.0,1.94,3.0,2.91
18,31,3.0,2.91,2.0,1.94
18,32,3.0,2.91,1.0,0.97
18,33,1.0,0.97,5.0,4.85
18,34,2.0,1.94,2.0,1.94
18,35,2.0,1.94,5.0,4.85
18,36,6.0,5.83,3.0,2.91
18,37,3.0,2.91,1.0,0.97
18,38,2.0,1.94,0.0,0.0
18,39,1.0,0.97,2.0,1.94
18,40,1.0,0.97,0.0,0.0
18,122,0.0,0.0,1.0,0.97
18,126,1.0,0.97,0.0,0.0
19,0,7.0,6.03,19.0,16.38
19,1,5.0,4.31,1.0,0.86
19,2,3.0,2.59,0.0,0.0
19,3,3.0,2.59,0.0,0.0
19,4,1.0,0.86,1.0,0.86
19,5,1.0,0.86,0.0,0.0
19,6,0.0,0.0,2.0,1.72
19,7,2.0,1.72,3.0,2.59
19,8,3.0,2.59,0.0,0.0
19,9,1.0,0.86,2.0,1.72
19,10,2.0,1.72,2.0,1.72
19,11,1.0,0.86,1.0,0.86
19,12,2.0,1.72,3.0,2.59
19,13,1.0,0.86,0.0,0.0
19,14,1.0,0.86,1.0,0.86
19,15,3.0,2.59,2.0,1.72
19,16,1.0,0.86,5.0,4.31
19,17,3.0,2.59,0.0,0.0
19,18,1.0,0.86,2.0,1.72
19,19,2.0,1.72,1.0,0.86
19,20,5.0,4.31,5.0,4.31
19,21,1.0,0.86,2.0,1.72
19,22,3.0,2.59,8.0,6.9
19,23,3.0,2.59,2.0,1.72
19,24,5.0,4.31,2.0,1.72
19,25,3.0,2.59,3.0,2.59
19,26,4.0,3.45,6.0,5.17
19,27,6.0,5.17,3.0,2.59
19,28,1.0,0.86,4.0,3.45
19,29,3.0,2.59,3.0,2.59
19,30,3.0,2.59,5.0,4.31
19,31,5.0,4.31,8.0,6.9
19,32,8.0,6.9,3.0,2.59
19,33,7.0,6.03,4.0,3.45
19,34,2.0,1.72,5.0,4.31
19,35,3.0,2.59,4.0,3.45
19,36,5.0,4.31,0.0,0.0
19,37,3.0,2.59,2.0,1.72
19,38,1.0,0.86,0.0,0.0
19,59,1.0,0.86,1.0,0.86
19,121,0.0,0.0,1.0,0.86
19,125,1.0,0.86,0.0,0.0
